Customer ID,Latest Order,Frequency,Monetary,Recency,R_Score,F_Score,M_score,RFM_SCORE,Segment,Recency_standard,Frequency_standard,Monetary_standard,Cluster,KMeans_segment
AA-10315,2017-06-29,11,5563.56,184,1,2,4,7,Loyal Customer,0.1998885584215302,-0.2569116148549001,1.015111969252871,0,Loyal Customer
AA-10375,2017-12-11,15,1056.39,19,4,3,1,8,Loyal Customer,-0.6867620086225104,0.38425568830776147,-0.7005900157667871,1,Risk
AA-10480,2017-04-15,12,1790.5120000000002,259,1,2,2,5,At Risk,0.6029115434415486,-0.09661978906423471,-0.4211387031589642,1,Risk
AA-10645,2017-11-05,18,5086.9349999999995,55,3,4,4,11,Champion,-0.4933109758129015,0.8651311656797576,0.8336796162220342,0,Loyal Customer
AB-10015,2016-11-10,6,886.156,415,1,1,1,3,Lost,1.441199352283187,-1.058370743808227,-0.7653913904027199,3,Lost
AB-10060,2017-11-06,18,7755.62,54,3,4,4,11,Champion,-0.49868461561316846,0.8651311656797576,1.8495428190504581,2,Champion
AB-10105,2017-11-19,20,14473.570999999998,41,3,4,4,11,Champion,-0.5685419330166384,1.1857148172610883,4.406802000746465,2,Champion
AB-10150,2017-11-19,12,966.71,41,3,2,1,6,At Risk,-0.5685419330166384,-0.09661978906423471,-0.7347276573504334,1,Risk
AB-10165,2017-12-05,14,1113.838,25,4,3,1,8,Loyal Customer,-0.6545201698209089,0.22396386251709605,-0.6787218262741768,1,Risk
AB-10255,2017-07-17,14,914.5319999999999,166,2,3,1,6,At Risk,0.10316304201672577,0.22396386251709605,-0.7545897655412397,1,Risk
AB-10600,2017-11-10,8,1515.862,50,3,1,2,6,At Risk,-0.5201791748142361,-0.7377870922268962,-0.5256871338118237,1,Risk
AC-10420,2017-05-12,5,925.8,232,1,1,1,3,Lost,0.457823268834342,-1.2186625695988924,-0.7503004820291463,1,Risk
AC-10450,2017-12-19,9,5527.846,11,4,2,4,10,Champion,-0.7297511270246457,-0.5774952664362308,1.0015170569924075,1,Risk
AC-10615,2017-12-24,18,2537.6859999999997,6,4,4,3,11,Champion,-0.7566193260259803,0.8651311656797576,-0.13671900854902555,0,Loyal Customer
AC-10660,2017-03-23,6,657.316,282,1,1,1,3,Lost,0.7265052588476877,-1.058370743808227,-0.8525017594928358,1,Risk
AD-10180,2017-12-01,12,6106.88,29,4,2,4,10,Champion,-0.6330256106198413,-0.09661978906423471,1.2219324802388953,0,Loyal Customer
AF-10870,2017-11-19,16,2052.908,41,3,3,2,8,Loyal Customer,-0.5685419330166384,0.5445475140984268,-0.32125488735853563,0,Loyal Customer
AF-10885,2016-11-10,7,861.565,415,1,1,1,3,Lost,1.441199352283187,-0.8980789180175617,-0.7747522149364335,3,Lost
AG-10270,2017-03-27,14,2582.898,278,1,3,3,7,Loyal Customer,0.70501069964662,0.22396386251709605,-0.11950858201825136,0,Loyal Customer
AG-10300,2017-09-03,5,367.548,118,2,1,1,4,Lost,-0.15477166839608603,-1.2186625695988924,-0.9628050169238127,1,Risk
AG-10330,2017-12-22,9,660.972,8,4,2,1,7,Loyal Customer,-0.7458720464254465,-0.5774952664362308,-0.8511100643809959,1,Risk
AG-10390,2017-09-07,8,200.945,114,2,1,1,4,Lost,-0.17626622759715369,-0.7377870922268962,-1.0262242129626198,1,Risk
AG-10495,2017-10-13,21,2356.855,78,2,4,3,9,Loyal Customer,-0.36971726040676256,1.3460066430517537,-0.20555424344211573,0,Loyal Customer
AG-10525,2015-09-07,9,1455.038,845,1,2,2,5,At Risk,3.7518644663979592,-0.5774952664362308,-0.5488404334514726,3,Lost
AG-10675,2017-09-24,15,3489.0396000000005,97,2,3,3,8,Loyal Customer,-0.2676181042016912,0.38425568830776147,0.22542381277246867,0,Loyal Customer
AG-10765,2017-10-14,5,170.584,77,2,1,1,4,Lost,-0.37509090020702945,-1.2186625695988924,-1.0377814490924269,1,Risk
AG-10900,2017-09-25,21,4510.797,96,2,4,4,10,Champion,-0.27299174400195814,1.3460066430517537,0.6143665860400674,0,Loyal Customer
AH-10030,2017-12-18,11,1744.7,12,4,2,2,8,Loyal Customer,-0.7243774872243788,-0.2569116148549001,-0.43857752604288486,1,Risk
AH-10075,2017-11-26,20,3250.337,34,3,4,3,10,Champion,-0.6061574116185067,1.1857148172610883,0.13455914056144616,0,Loyal Customer
AH-10120,2017-10-31,16,1735.5140000000001,60,3,3,2,8,Loyal Customer,-0.466442776811567,0.5445475140984268,-0.4420742742095594,0,Loyal Customer
AH-10195,2017-11-05,8,1587.452,55,3,1,2,6,At Risk,-0.4933109758129015,-0.7377870922268962,-0.49843564227554776,1,Risk
AH-10210,2017-12-24,13,4805.344,6,4,3,4,11,Champion,-0.7566193260259803,0.06367203672643067,0.7264890204238572,0,Loyal Customer
AH-10465,2017-05-14,8,2495.3916,230,1,1,3,5,At Risk,0.4470759892338082,-0.7377870922268962,-0.15281881974656528,1,Risk
AH-10585,2017-12-09,5,738.504,21,4,1,1,6,At Risk,-0.6760147290219766,-1.2186625695988924,-0.8215966876273914,1,Risk
AH-10690,2016-11-15,23,7888.294,410,1,4,4,9,Loyal Customer,1.4143311532818523,1.6665902946330846,1.9000465819794128,2,Champion
AI-10855,2017-12-17,18,4375.786,13,4,4,4,12,Champion,-0.7190038474241118,0.8651311656797576,0.5629732193156065,0,Loyal Customer
AJ-10780,2017-10-16,15,4867.344,75,3,3,4,10,Champion,-0.3858381798075633,0.38425568830776147,0.7500899769156734,0,Loyal Customer
AJ-10795,2017-07-17,21,4501.391,166,2,4,4,10,Champion,0.10316304201672577,1.3460066430517537,0.6107860925439058,0,Loyal Customer
AJ-10945,2017-10-06,10,1839.24,85,2,2,2,6,At Risk,-0.33210178180489414,-0.41720344064556547,-0.4025898739987511,1,Risk
AJ-10960,2017-10-17,5,629.2479999999999,74,3,1,1,5,At Risk,-0.3912118196078302,-1.2186625695988924,-0.8631861408930342,1,Risk
AM-10360,2017-12-02,12,814.012,28,4,2,1,7,Loyal Customer,-0.6383992504201081,-0.09661978906423471,-0.7928537679050679,1,Risk
AM-10705,2017-07-21,22,5664.022,162,2,4,4,10,Champion,0.08166848281565812,1.506298468842419,1.0533538933025615,0,Loyal Customer
AO-10810,2016-08-16,1,161.28,501,1,1,1,3,Lost,1.9033323751061413,-1.8598298727615539,-1.0413231152085536,3,Lost
AP-10720,2017-11-19,19,1638.554,41,3,4,2,9,Loyal Customer,-0.5685419330166384,1.025422991470423,-0.47898312487805117,0,Loyal Customer
AP-10915,2017-09-23,31,3323.556,98,2,4,3,9,Loyal Customer,-0.2622444644014243,2.9489249009584078,0.16243072819651527,0,Loyal Customer
AR-10345,2017-09-10,5,1055.694,111,2,1,1,4,Lost,-0.19238714699795442,-1.2186625695988924,-0.7008549555364373,1,Risk
AR-10405,2017-08-27,7,2236.128,125,2,1,2,5,At Risk,-0.11715618979421764,-0.8980789180175617,-0.25151025431933316,1,Risk
AR-10510,2017-12-16,7,264.86400000000003,14,4,1,1,6,At Risk,-0.713630207623845,-0.8980789180175617,-1.0018927688013233,1,Risk
AR-10540,2017-12-24,9,6608.448,6,4,2,4,10,Champion,-0.7566193260259803,-0.5774952664362308,1.4128596503306248,0,Loyal Customer
AR-10570,2016-07-14,2,88.15,534,1,1,1,3,Lost,2.0806624885149496,-1.6995380469708885,-1.0691608240512391,3,Lost
AR-10825,2017-11-02,13,4523.336,58,3,3,4,10,Champion,-0.47719005641210077,0.06367203672643067,0.6191396891602432,0,Loyal Customer
AS-10045,2017-10-03,10,3050.692,88,2,2,3,7,Loyal Customer,-0.3159808624040934,-0.41720344064556547,0.05856215735485541,1,Risk
AS-10090,2017-12-02,25,3255.31,28,4,4,3,11,Champion,-0.6383992504201081,1.9871739462144153,0.13645216566844293,0,Loyal Customer
AS-10135,2017-11-19,3,58.82,41,3,1,1,5,At Risk,-0.5685419330166384,-1.5392462211802231,-1.0803255991142224,1,Risk
AS-10225,2017-12-08,13,4260.784,22,4,3,4,11,Champion,-0.6706410892217096,0.06367203672643067,0.5191964903079962,0,Loyal Customer
AS-10240,2017-06-21,13,584.6080000000001,192,1,3,1,5,At Risk,0.2428776768236655,0.06367203672643067,-0.8801788295671418,1,Risk
AS-10285,2017-12-11,8,3214.236,19,4,1,3,8,Loyal Customer,-0.6867620086225104,-0.7377870922268962,0.12081691265320332,1,Risk
AS-10630,2017-09-29,12,833.398,92,2,2,1,5,At Risk,-0.29448630320302577,-0.09661978906423471,-0.785474281734901,1,Risk
AT-10435,2017-12-09,9,1171.814,21,4,2,2,8,Loyal Customer,-0.6760147290219766,-0.5774952664362308,-0.6566526479907971,1,Risk
AT-10735,2017-12-17,16,3831.864,13,4,3,4,11,Champion,-0.7190038474241118,0.5445475140984268,0.35592355065525816,0,Loyal Customer
AW-10840,2017-12-10,8,649.376,20,4,1,1,6,At Risk,-0.6813883688222435,-0.7377870922268962,-0.8555242045661428,1,Risk
AW-10930,2017-11-14,16,2852.968,46,3,3,3,9,Loyal Customer,-0.5416737340153037,0.5445475140984268,-0.016703576861077672,0,Loyal Customer
AY-10555,2017-12-16,10,497.014,14,4,2,1,7,Loyal Customer,-0.713630207623845,-0.41720344064556547,-0.913522413163015,1,Risk
AZ-10750,2017-07-23,12,1622.0179999999998,160,2,2,2,6,At Risk,0.0709212032151243,-0.09661978906423471,-0.4852777283707718,1,Risk
BB-10990,2017-09-16,8,744.3399999999999,105,2,1,1,4,Lost,-0.2246289857995559,-0.7377870922268962,-0.8193751524324521,1,Risk
BB-11545,2017-12-02,20,6765.728,28,4,4,4,12,Champion,-0.6383992504201081,1.1857148172610883,1.472729947702122,2,Champion
BC-11125,2017-06-11,18,2933.676,202,1,4,3,8,Loyal Customer,0.2966140748263346,0.8651311656797576,0.014018777921849685,0,Loyal Customer
BD-11320,2017-11-27,19,5718.521,33,3,4,4,11,Champion,-0.6115310514187736,1.025422991470423,1.0740995147194563,0,Loyal Customer
BD-11500,2017-11-25,10,4411.2429999999995,35,3,2,4,9,Loyal Customer,-0.6007837718182398,-0.41720344064556547,0.5764703018048051,1,Risk
BD-11560,2017-03-27,4,320.54,278,1,1,1,3,Lost,0.70501069964662,-1.3789543953895578,-0.9806991098716724,1,Risk
BD-11605,2017-09-24,20,3288.471,97,2,4,3,9,Loyal Customer,-0.2676181042016912,1.1857148172610883,0.14907525144626738,0,Loyal Customer
BD-11620,2017-10-22,8,1538.11,69,3,1,2,6,At Risk,-0.41808001860916477,-0.7377870922268962,-0.5172181970371477,1,Risk
BD-11635,2017-12-21,5,582.646,9,4,1,1,6,At Risk,-0.7404984066251795,-1.2186625695988924,-0.8809256856419312,1,Risk
BD-11725,2017-09-28,10,1526.5,93,2,2,2,6,At Risk,-0.2891126634027589,-0.41720344064556547,-0.5216376664705344,1,Risk
BD-11770,2017-02-06,10,658.466,327,1,2,1,4,Lost,0.9683190498596987,-0.41720344064556547,-0.8520639998159716,3,Lost
BE-11335,2017-09-02,9,4204.676,119,2,2,4,8,Loyal Customer,-0.14939802859581913,-0.5774952664362308,0.49783838600408004,1,Risk
BE-11410,2017-09-23,5,2261.438,98,2,1,3,6,At Risk,-0.2622444644014243,-1.2186625695988924,-0.2418757348224321,1,Risk
BE-11455,2017-04-20,13,1727.652,254,1,3,2,6,At Risk,0.5760433444402141,0.06367203672643067,-0.44506702775695717,1,Risk
BF-10975,2017-09-30,13,599.798,91,2,3,1,6,At Risk,-0.29985994300329266,0.06367203672643067,-0.8743965952266468,1,Risk
BF-11005,2017-11-21,10,1333.88,39,3,2,2,7,Loyal Customer,-0.5792892126171721,-0.41720344064556547,-0.594960509042367,1,Risk
BF-11020,2017-10-17,21,2888.506,74,3,4,3,10,Champion,-0.3912118196078302,1.3460066430517537,-0.003175660864204109,0,Loyal Customer
BF-11080,2017-12-05,6,272.95,25,4,1,1,6,At Risk,-0.6545201698209089,-1.058370743808227,-0.9988147472820842,1,Risk
BF-11170,2017-12-14,27,5907.972,16,4,4,4,12,Champion,-0.7028829280233111,2.307757597795746,1.1462160438860862,0,Loyal Customer
BF-11215,2017-10-26,8,1585.162,65,3,1,2,6,At Risk,-0.4395745778102324,-0.7377870922268962,-0.49930735502339063,1,Risk
BF-11275,2017-11-03,4,791.9899999999999,57,3,1,1,5,At Risk,-0.4825636962123677,-1.3789543953895578,-0.8012366753867256,1,Risk
BG-11035,2017-12-02,12,2798.948,28,4,2,3,9,Loyal Customer,-0.6383992504201081,-0.09661978906423471,-0.037266861856043894,1,Risk
BG-11695,2017-11-24,8,1874.172,36,3,1,2,6,At Risk,-0.5954101320179729,-0.7377870922268962,-0.3892926383185556,1,Risk
BG-11740,2017-11-03,7,1006.356,57,3,1,1,5,At Risk,-0.4825636962123677,-0.8980789180175617,-0.7196359876556828,1,Risk
BH-11710,2017-12-07,24,6255.351,23,4,4,4,12,Champion,-0.6652674494214428,1.82688212042375,1.2784495384856118,0,Loyal Customer
BK-11260,2017-10-14,16,659.1379999999999,77,2,3,1,6,At Risk,-0.37509090020702945,0.5445475140984268,-0.8518081959004474,0,Loyal Customer
BM-11140,2017-02-26,16,11789.63,307,1,3,4,8,Loyal Customer,0.8608462538543604,0.5445475140984268,3.385131439978701,2,Champion
BM-11575,2017-09-21,10,808.162,100,2,2,1,5,At Risk,-0.25149718480089045,-0.41720344064556547,-0.7950806323482474,1,Risk
BM-11650,2017-11-27,29,7294.185,33,3,4,4,11,Champion,-0.6115310514187736,2.628341249377077,1.673892700360117,2,Champion
BM-11785,2017-05-26,14,1338.842,218,1,3,2,6,At Risk,0.38259231163060525,0.22396386251709605,-0.5930716712018446,1,Risk
BN-11470,2017-12-06,6,265.296,24,4,1,1,6,At Risk,-0.6598938096211758,-1.058370743808227,-1.0017283234270578,1,Risk
BN-11515,2017-12-21,17,1459.344,9,4,4,2,10,Champion,-0.7404984066251795,0.7048393398890922,-0.5472013089570571,0,Loyal Customer
BO-11350,2017-08-15,12,2682.728,137,2,2,3,7,Loyal Customer,-0.052672512191014695,-0.09661978906423471,-0.08150723546054169,1,Risk
BO-11425,2017-10-16,2,130.83,75,3,1,1,5,At Risk,-0.3858381798075633,-1.6995380469708885,-1.052914230130744,1,Risk
BP-11050,2017-10-08,7,983.42,83,2,1,1,4,Lost,-0.342849061405428,-0.8980789180175617,-0.7283668189153004,1,Risk
BP-11095,2017-12-13,20,2442.044,17,4,4,3,11,Champion,-0.6975092882230443,1.1857148172610883,-0.1731261485617719,0,Loyal Customer
BP-11155,2017-10-02,11,1697.8609999999999,89,2,2,2,6,At Risk,-0.3106072226038265,-0.2569116148549001,-0.45640728735127484,1,Risk
BP-11185,2017-12-29,18,3675.861,1,4,4,3,11,Champion,-0.7834875250273148,0.8651311656797576,0.2965393568553744,0,Loyal Customer
BP-11230,2017-11-21,6,1181.49,39,3,1,2,6,At Risk,-0.5792892126171721,-1.058370743808227,-0.6529693761357196,1,Risk
BP-11290,2017-12-18,16,2475.157,12,4,3,3,10,Champion,-0.7243774872243788,0.5445475140984268,-0.16052133449219907,0,Loyal Customer
BS-11365,2016-06-20,9,10501.653,558,1,2,4,7,Loyal Customer,2.2096298437213555,-0.5774952664362308,2.894849357084188,2,Champion
BS-11380,2017-12-02,13,3887.834,28,4,3,4,11,Champion,-0.6383992504201081,0.06367203672643067,0.3772291237979508,0,Loyal Customer
BS-11590,2017-11-25,10,2454.928,35,3,2,3,8,Loyal Customer,-0.6007837718182398,-0.41720344064556547,-0.16822171753853707,1,Risk
BS-11665,2016-05-27,11,3288.1099999999997,582,1,2,3,6,At Risk,2.3385971989277614,-0.2569116148549001,0.1489378329737907,3,Lost
BS-11755,2017-12-29,14,2562.382,1,4,3,3,10,Champion,-0.7834875250273148,0.22396386251709605,-0.12731821465351106,0,Loyal Customer
BS-11800,2017-04-09,8,949.4300000000001,265,1,1,1,3,Lost,0.6351533822431501,-0.7377870922268962,-0.7413054723210557,1,Risk
BT-11305,2017-01-28,9,2567.656,336,1,2,3,6,At Risk,1.016681808062101,-0.5774952664362308,-0.12531061070935243,3,Lost
BT-11395,2017-03-03,10,2186.6130000000003,302,1,2,2,5,At Risk,0.8339780548530259,-0.41720344064556547,-0.2703586633627569,1,Risk
BT-11440,2016-06-18,7,603.876,560,1,1,1,3,Lost,2.220377123321889,-0.8980789180175617,-0.8728442613464272,3,Lost
BT-11485,2016-03-11,3,415.19599999999997,659,1,1,1,3,Lost,2.7523674635483135,-1.5392462211802231,-0.9446673011992637,3,Lost
BT-11530,2017-09-30,10,2684.4919999999997,91,2,2,3,7,Loyal Customer,-0.29985994300329266,-0.41720344064556547,-0.08083575018229078,1,Risk
BT-11680,2017-12-10,20,3196.752,20,4,4,3,11,Champion,-0.6813883688222435,1.1857148172610883,0.11416144292251121,0,Loyal Customer
BV-11245,2017-01-30,14,1523.2730000000001,334,1,3,2,6,At Risk,1.005934528461567,0.22396386251709605,-0.5228660581898746,3,Lost
BW-11065,2017-06-01,3,385.516,212,1,1,1,3,Lost,0.3503504728290038,-1.5392462211802231,-0.955965307468249,1,Risk
BW-11110,2017-08-31,17,4750.358,121,2,4,4,10,Champion,-0.1386507489952853,0.7048393398890922,0.7055580173003251,0,Loyal Customer
BW-11200,2017-06-10,10,1738.406,203,1,2,2,5,At Risk,0.30198771462660157,-0.41720344064556547,-0.4409734037873928,1,Risk
CA-11965,2017-09-25,10,3789.7228,96,2,2,4,8,Loyal Customer,-0.27299174400195814,-0.41720344064556547,0.33988205665988847,1,Risk
CA-12055,2016-11-24,10,1679.7240000000002,401,1,2,2,5,At Risk,1.3659683950794503,-0.41720344064556547,-0.4633113284463081,3,Lost
CA-12265,2017-11-04,17,2648.2872,56,3,4,3,10,Champion,-0.4879373360126346,0.7048393398890922,-0.09461749065962775,0,Loyal Customer
CA-12310,2017-12-17,11,1421.954,13,4,2,2,8,Loyal Customer,-0.7190038474241118,-0.2569116148549001,-0.5614342083639765,1,Risk
CA-12775,2017-09-01,17,3041.566,120,2,4,3,9,Loyal Customer,-0.1440243887955522,0.7048393398890922,0.05508824882349544,0,Loyal Customer
CB-12025,2017-11-13,26,6076.139,47,3,4,4,11,Champion,-0.5363000942150369,2.1474657720050807,1.210230593085429,0,Loyal Customer
CB-12415,2017-12-04,12,1949.2,26,4,2,2,8,Loyal Customer,-0.649146530020642,-0.09661978906423471,-0.3607324356787495,1,Risk
CB-12535,2017-06-16,19,4246.4555,197,1,4,4,9,Loyal Customer,0.2697458758250001,1.025422991470423,0.513742195064561,0,Loyal Customer
CC-12100,2016-09-29,13,1770.945,457,1,3,2,6,At Risk,1.6668922238943973,0.06367203672643067,-0.4285870888956637,3,Lost
CC-12145,2017-09-15,11,2471.65,106,2,2,3,7,Loyal Customer,-0.21925534599928898,-0.2569116148549001,-0.16185631117634103,1,Risk
CC-12220,2017-12-10,22,3913.418,20,4,4,4,12,Champion,-0.6813883688222435,1.506298468842419,0.38696794429612225,0,Loyal Customer
CC-12370,2017-11-17,11,12129.072000000002,43,3,2,4,9,Loyal Customer,-0.5577946534161045,-0.2569116148549001,3.5143436314866867,2,Champion
CC-12430,2017-12-30,19,2870.05,0,4,4,3,11,Champion,-0.7888611648275817,1.025422991470423,-0.010201132686993632,0,Loyal Customer
CC-12475,2017-11-21,13,1659.438,39,3,3,2,8,Loyal Customer,-0.5792892126171721,0.06367203672643067,-0.47103340914619496,1,Risk
CC-12550,2017-12-03,4,113.832,27,4,1,1,6,At Risk,-0.6437728902203751,-1.3789543953895578,-1.0593846988153874,1,Risk
CC-12610,2017-11-26,12,2540.631,34,3,2,3,8,Loyal Customer,-0.6061574116185067,-0.09661978906423471,-0.13559796311566424,1,Risk
CC-12670,2017-12-01,14,2269.7015,29,4,3,3,10,Champion,-0.6330256106198413,0.22396386251709605,-0.23873014604872045,0,Loyal Customer
CC-12685,2015-10-23,12,2854.1150000000002,799,1,2,3,6,At Risk,3.5046770355856816,-0.09661978906423471,-0.016266959165978926,3,Lost
CD-11920,2017-11-20,9,2033.968,40,3,2,2,7,Loyal Customer,-0.5739155728169052,-0.5774952664362308,-0.3284645989061968,1,Risk
CD-11980,2017-11-06,6,639.766,54,3,1,1,5,At Risk,-0.49868461561316846,-1.058370743808227,-0.8591823528223742,1,Risk
CD-12280,2017-11-18,13,1205.584,42,3,3,2,8,Loyal Customer,-0.5631682932163714,0.06367203672643067,-0.6437977399145289,1,Risk
CD-12790,2016-11-26,15,1860.732,399,1,3,2,6,At Risk,1.3552211154789164,0.38425568830776147,-0.39440871662903965,3,Lost
CG-12040,2017-11-11,9,904.4680000000001,49,3,2,1,6,At Risk,-0.525552814614503,-0.5774952664362308,-0.7584207337046853,1,Risk
CG-12520,2017-01-26,5,1148.7800000000002,338,1,1,2,4,Lost,1.0274290876626349,-1.2186625695988924,-0.6654207839880953,3,Lost
CH-12070,2016-02-08,4,1537.236,691,1,1,2,4,Lost,2.9243239371568546,-1.3789543953895578,-0.5175508943915644,3,Lost
CJ-11875,2016-12-30,1,16.52,365,1,1,1,3,Lost,1.1725173622698415,-1.8598298727615539,-1.0964275420110583,3,Lost
CJ-12010,2017-06-24,20,11164.974,189,1,4,4,9,Loyal Customer,0.22675675742286477,1.1857148172610883,3.1473495193601226,2,Champion
CK-12205,2017-11-21,32,3154.855,39,3,4,3,10,Champion,-0.5792892126171721,3.1092167267490733,0.09821290624287221,0,Loyal Customer
CK-12325,2017-09-01,12,2945.321,120,2,2,3,7,Loyal Customer,-0.1440243887955522,-0.09661978906423471,0.01845157047583675,1,Risk
CK-12595,2017-11-17,25,2372.75,43,3,4,3,10,Champion,-0.5577946534161045,1.9871739462144153,-0.19950364338667353,0,Loyal Customer
CK-12760,2017-10-09,14,1582.109,82,2,3,2,7,Loyal Customer,-0.3482227012056949,0.22396386251709605,-0.5004695118003184,1,Risk
CL-11890,2017-09-15,7,1262.0140000000001,106,2,1,2,5,At Risk,-0.21925534599928898,-0.8980789180175617,-0.6223170629010905,1,Risk
CL-12565,2017-03-21,28,10880.546,284,1,4,4,9,Loyal Customer,0.7372525384482215,2.4680494235864114,3.0390789894721504,2,Champion
CL-12700,2017-09-16,8,2353.586,105,2,1,3,6,At Risk,-0.2246289857995559,-0.7377870922268962,-0.20679862290617626,1,Risk
CM-11815,2017-08-21,10,1673.888,131,2,2,2,6,At Risk,-0.08491435099261617,-0.41720344064556547,-0.4655328636412475,1,Risk
CM-11935,2016-01-22,4,565.392,708,1,1,1,3,Lost,3.0156758137613924,-1.3789543953895578,-0.8874936034372504,3,Lost
CM-12115,2017-12-22,7,1661.6100000000001,8,4,1,2,7,Loyal Customer,-0.7458720464254465,-0.8980789180175617,-0.4702066143478042,1,Risk
CM-12160,2017-12-04,7,2533.314,26,4,1,3,8,Loyal Customer,-0.649146530020642,-0.8980789180175617,-0.13838325664228712,1,Risk
CM-12190,2017-12-22,7,1475.144,8,4,1,2,7,Loyal Customer,-0.7458720464254465,-0.8980789180175617,-0.5411868716575298,1,Risk
CM-12235,2016-12-10,8,2305.712,385,1,1,3,5,At Risk,1.2799901582751796,-0.7377870922268962,-0.22502236792374397,3,Lost
CM-12385,2017-11-23,10,8954.019999999999,37,3,2,4,9,Loyal Customer,-0.5900364922177059,-0.41720344064556547,2.305726468401948,2,Champion
CM-12445,2016-10-20,9,287.99,436,1,2,1,4,Lost,1.5540457880887921,-0.5774952664362308,-0.9930896120298758,3,Lost
CM-12655,2017-12-03,10,6339.5576,27,4,2,4,10,Champion,-0.6437728902203751,-0.41720344064556547,1.3105036724037373,0,Loyal Customer
CM-12715,2015-03-01,13,3984.4524,1035,1,3,4,8,Loyal Customer,4.772856028448673,0.06367203672643067,0.4140079408093845,3,Lost
CP-12085,2017-10-09,14,5402.254,82,2,3,4,9,Loyal Customer,-0.3482227012056949,0.22396386251709605,0.9537091323517596,0,Loyal Customer
CP-12340,2017-07-23,15,5888.275,160,2,3,4,9,Loyal Customer,0.0709212032151243,0.38425568830776147,1.1387181722728716,0,Loyal Customer
CR-12580,2017-11-03,6,2148.852,57,3,1,2,6,At Risk,-0.4825636962123677,-1.058370743808227,-0.2847327878480388,1,Risk
CR-12625,2016-09-16,4,475.9,470,1,1,1,3,Lost,1.736749541297867,-1.3789543953895578,-0.9215596808302441,3,Lost
CR-12730,2017-10-13,6,1600.55,78,2,1,2,5,At Risk,-0.36971726040676256,-1.058370743808227,-0.49344974988635737,1,Risk
CR-12820,2017-10-06,7,1397.8724,85,2,1,2,5,At Risk,-0.33210178180489414,-0.8980789180175617,-0.5706011243938688,1,Risk
CS-11845,2017-09-30,8,1278.954,91,2,1,2,5,At Risk,-0.29985994300329266,-0.7377870922268962,-0.6158686725305846,1,Risk
CS-11860,2017-07-21,7,537.632,162,2,1,1,4,Lost,0.08166848281565812,-0.8980789180175617,-0.8980607413761669,1,Risk
CS-11950,2017-12-05,22,3036.547,25,4,4,3,11,Champion,-0.6545201698209089,1.506298468842419,0.05317771332942415,0,Loyal Customer
CS-12130,2016-08-28,7,884.64,489,1,1,1,3,Lost,1.8388486975029383,-0.8980789180175617,-0.7659684718550036,3,Lost
CS-12175,2017-05-12,8,844.4580000000001,232,1,1,1,3,Lost,0.457823268834342,-0.7377870922268962,-0.7812641756252319,1,Risk
CS-12250,2017-12-04,28,2754.216,26,4,4,3,11,Champion,-0.649146530020642,2.4680494235864114,-0.054294571304300626,0,Loyal Customer
CS-12355,2017-12-24,22,3202.1620000000003,6,4,4,3,11,Champion,-0.7566193260259803,1.506298468842419,0.11622081670671656,0,Loyal Customer
CS-12400,2017-12-28,14,3651.8585000000003,2,4,3,3,10,Champion,-0.7781138852270479,0.22396386251709605,0.28740255107803886,0,Loyal Customer
CS-12460,2017-12-03,6,550.644,27,4,1,1,6,At Risk,-0.6437728902203751,-1.058370743808227,-0.8931075857975942,1,Risk
CS-12490,2016-11-01,9,1077.2285,424,1,2,1,4,Lost,1.4895621104855892,-0.5774952664362308,-0.6926576200917113,3,Lost
CS-12505,2017-11-02,9,5690.054999999999,58,3,2,4,9,Loyal Customer,-0.47719005641210077,-0.5774952664362308,1.063263630405004,1,Risk
CT-11995,2017-09-25,18,3241.898,96,2,4,3,9,Loyal Customer,-0.27299174400195814,0.8651311656797576,0.13134674585443917,0,Loyal Customer
CV-12295,2017-04-20,13,2830.6279999999997,254,1,3,3,7,Loyal Customer,0.5760433444402141,0.06367203672643067,-0.02520753440990308,1,Risk
CV-12805,2017-12-25,19,2370.3136,5,4,4,3,11,Champion,-0.7619929658262472,1.025422991470423,-0.2004310848446842,0,Loyal Customer
CW-11905,2017-12-08,11,1136.592,22,4,2,1,7,Loyal Customer,-0.6706410892217096,-0.2569116148549001,-0.6700602752416801,1,Risk
CY-12745,2017-10-31,11,2900.026,60,3,2,3,8,Loyal Customer,-0.466442776811567,-0.2569116148549001,0.0012095491162107473,1,Risk
Co-12640,2016-06-29,8,1300.076,549,1,1,2,4,Lost,2.1612670855189533,-0.7377870922268962,-0.6078283595786469,3,Lost
DA-13450,2017-01-12,8,156.76,352,1,1,1,3,Lost,1.1026600448663715,-0.7377870922268962,-1.0430437010689249,3,Lost
DB-12910,2017-12-09,12,2171.599,21,4,2,2,8,Loyal Customer,-0.6760147290219766,-0.09661978906423471,-0.2760739014396622,1,Risk
DB-12970,2017-05-03,14,2839.2272,241,1,3,3,7,Loyal Customer,0.5061860270367442,0.22396386251709605,-0.02193415787660586,0,Loyal Customer
DB-13060,2017-12-14,13,4531.646,16,4,3,4,11,Champion,-0.7028829280233111,0.06367203672643067,0.6223029786513236,0,Loyal Customer
DB-13120,2017-11-12,14,2973.094,48,3,3,3,9,Loyal Customer,-0.5309264544147699,0.22396386251709605,0.029023657002404685,0,Loyal Customer
DB-13210,2017-12-21,21,2332.577,9,4,4,3,11,Champion,-0.7404984066251795,1.3460066430517537,-0.21479592121160454,0,Loyal Customer
DB-13270,2017-11-07,13,4655.897,53,3,3,4,10,Champion,-0.5040582554134354,0.06367203672643067,0.6696004374426888,0,Loyal Customer
DB-13360,2017-04-10,6,1081.466,264,1,1,1,3,Lost,0.6297797424428833,-1.058370743808227,-0.6910445708476134,1,Risk
DB-13405,2017-06-26,14,1711.692,187,1,3,2,6,At Risk,0.21600947782233093,0.22396386251709605,-0.45114237075065694,1,Risk
DB-13555,2017-09-14,14,3908.8028,107,2,3,4,9,Loyal Customer,-0.21388170619902208,0.22396386251709605,0.3852111195477185,0,Loyal Customer
DB-13615,2017-11-27,11,1989.05,33,3,2,2,7,Loyal Customer,-0.6115310514187736,-0.2569116148549001,-0.345563111223929,1,Risk
DB-13660,2017-12-18,10,1155.202,12,4,2,2,8,Loyal Customer,-0.7243774872243788,-0.41720344064556547,-0.6629761816882496,1,Risk
DC-12850,2017-11-23,18,3336.168,37,3,4,3,10,Champion,-0.5900364922177059,0.8651311656797576,0.16723161953965698,0,Loyal Customer
DC-13285,2017-12-07,7,1174.618,23,4,1,2,7,Loyal Customer,-0.6652674494214428,-0.8980789180175617,-0.6555852757004254,1,Risk
DD-13570,2017-11-19,9,269.542,41,3,2,1,6,At Risk,-0.5685419330166384,-0.5774952664362308,-1.000112038567957,1,Risk
DE-13255,2016-01-11,9,2550.874,719,1,2,3,6,At Risk,3.0747858515643283,-0.5774952664362308,-0.1316988567068631,3,Lost
DF-13135,2016-01-30,6,2390.534,700,1,1,3,5,At Risk,2.972686695359257,-1.058370743808227,-0.19273397547940804,3,Lost
DG-13300,2017-11-28,8,3195.818,32,3,1,3,7,Loyal Customer,-0.6169046912190406,-0.7377870922268962,0.11380590593277976,1,Risk
DH-13075,2017-03-28,23,4932.872,277,1,4,4,9,Loyal Customer,0.699637059846353,1.6665902946330846,0.7750339039639916,0,Loyal Customer
DH-13675,2015-11-15,11,1043.096,776,1,2,1,4,Lost,3.3810833201795423,-0.2569116148549001,-0.7056505176313389,3,Lost
DJ-13420,2016-04-02,5,2012.52,637,1,1,2,4,Lost,2.6341473879424413,-1.2186625695988924,-0.3366290072100109,3,Lost
DJ-13510,2017-11-12,13,2501.6879999999996,48,3,3,3,9,Loyal Customer,-0.5309264544147699,0.06367203672643067,-0.15042202841664487,1,Risk
DJ-13630,2017-12-18,8,3356.398,12,4,1,3,8,Loyal Customer,-0.7243774872243788,-0.7377870922268962,0.17493238324658344,1,Risk
DK-12835,2017-12-09,27,3256.48,21,4,4,3,11,Champion,-0.6760147290219766,2.307757597795746,0.13689753855707884,0,Loyal Customer
DK-12895,2017-11-15,15,4282.176,45,3,3,4,10,Champion,-0.5470473738155707,0.38425568830776147,0.5273395816188502,0,Loyal Customer
DK-12985,2017-12-23,8,1687.04,7,4,1,2,7,Loyal Customer,-0.7512456862257133,-0.7377870922268962,-0.4605264155802739,1,Risk
DK-13090,2017-11-18,13,2650.557,42,3,3,3,9,Loyal Customer,-0.5631682932163714,0.06367203672643067,-0.09375346725567431,1,Risk
DK-13150,2017-12-20,5,797.832,10,4,1,1,6,At Risk,-0.7351247668249126,-1.2186625695988924,-0.7990128562282548,1,Risk
DK-13225,2017-12-20,19,4802.394,10,4,4,4,12,Champion,-0.7351247668249126,1.025422991470423,0.7253660716875532,0,Loyal Customer
DK-13375,2017-12-11,23,3318.486,19,4,4,3,11,Champion,-0.6867620086225104,1.6665902946330846,0.16050077901242638,0,Loyal Customer
DL-12865,2017-09-21,14,1503.112,100,2,3,2,7,Loyal Customer,-0.25149718480089045,0.22396386251709605,-0.5305405563161892,1,Risk
DL-12925,2017-11-03,14,3272.2,57,3,3,3,9,Loyal Customer,-0.4825636962123677,0.22396386251709605,0.1428815230095199,0,Loyal Customer
DL-13315,2017-12-08,17,1458.258,22,4,4,2,10,Champion,-0.6706410892217096,0.7048393398890922,-0.5476147063562524,0,Loyal Customer
DL-13330,2017-11-03,8,585.02,57,3,1,1,5,At Risk,-0.4825636962123677,-0.7377870922268962,-0.8800219974046478,1,Risk
DL-13495,2017-10-15,12,3539.322,76,2,2,3,7,Loyal Customer,-0.38046454000729635,-0.09661978906423471,0.2445643407515668,1,Risk
DM-12955,2017-09-07,9,1322.034,114,2,2,2,6,At Risk,-0.17626622759715369,-0.5774952664362308,-0.5994698143746582,1,Risk
DM-13015,2017-11-03,20,6345.103,57,3,4,4,11,Champion,-0.4825636962123677,1.1857148172610883,1.312614587631636,0,Loyal Customer
DM-13345,2017-12-08,13,4074.4719999999998,22,4,3,4,11,Champion,-0.6706410892217096,0.06367203672643067,0.44827485472891165,0,Loyal Customer
DM-13525,2016-09-05,10,1376.792,481,1,2,2,5,At Risk,1.7958595791008032,-0.41720344064556547,-0.5786256018653217,3,Lost
DN-13690,2017-05-27,11,2139.79,217,1,2,2,5,At Risk,0.3772186718303383,-0.2569116148549001,-0.28818233410172966,1,Risk
DO-13435,2017-08-19,13,1300.0315,133,2,3,2,7,Loyal Customer,-0.07416707139208234,0.06367203672643067,-0.6078452989748386,1,Risk
DO-13645,2017-12-04,11,1267.316,26,4,2,2,8,Loyal Customer,-0.649146530020642,-0.2569116148549001,-0.6202988004604516,1,Risk
DP-13000,2017-08-26,17,1050.636,126,2,4,1,7,Loyal Customer,-0.11178254999395074,0.7048393398890922,-0.7027803367934632,0,Loyal Customer
DP-13105,2017-12-24,14,2215.002,6,4,3,2,9,Loyal Customer,-0.7566193260259803,0.22396386251709605,-0.2595520899136253,0,Loyal Customer
DP-13165,2015-10-10,4,1058.616,812,1,1,1,3,Lost,3.574534352989151,-1.3789543953895578,-0.6997426652966133,3,Lost
DP-13390,2017-01-06,14,5480.723999999999,358,1,3,4,8,Loyal Customer,1.134901883667973,0.22396386251709605,0.9835795687374499,0,Loyal Customer
DR-12880,2017-12-27,24,6528.034000000001,3,4,4,4,12,Champion,-0.772740245426781,1.82688212042375,1.3822492097607395,2,Champion
DR-12940,2017-11-10,13,8350.868,50,3,3,4,10,Champion,-0.5201791748142361,0.06367203672643067,2.0761302730801443,2,Champion
DS-13030,2017-09-28,19,1762.213,93,2,4,2,8,Loyal Customer,-0.2891126634027589,1.025422991470423,-0.43191101715512403,0,Loyal Customer
DS-13180,2017-12-07,20,2881.8128,23,4,4,3,11,Champion,-0.6652674494214428,1.1857148172610883,-0.005723498315672119,0,Loyal Customer
DV-13045,2017-12-11,9,1119.483,19,4,2,1,7,Loyal Customer,-0.6867620086225104,-0.5774952664362308,-0.6765729972516558,1,Risk
DV-13465,2017-12-01,15,3341.587,29,4,3,3,10,Champion,-0.6330256106198413,0.38425568830776147,0.16929441926915936,0,Loyal Customer
DW-13195,2017-10-22,9,1080.751,69,3,2,1,6,At Risk,-0.41808001860916477,-0.5774952664362308,-0.6913167431684464,1,Risk
DW-13480,2017-05-27,11,5271.628,217,1,2,4,7,Loyal Customer,0.3772186718303383,-0.2569116148549001,0.9039849623082117,0,Loyal Customer
DW-13540,2017-09-23,9,344.08,98,2,2,1,5,At Risk,-0.2622444644014243,-0.5774952664362308,-0.9717383596165539,1,Risk
DW-13585,2017-05-02,10,1204.854,242,1,2,2,5,At Risk,0.5115596668370112,-0.41720344064556547,-0.6440756221441907,1,Risk
Dl-13600,2017-09-02,6,755.602,119,2,1,1,4,Lost,-0.14939802859581913,-1.058370743808227,-0.8150881528838902,1,Risk
Dp-13240,2017-10-07,29,7198.7609999999995,84,2,4,4,10,Champion,-0.3374754216051611,2.628341249377077,1.6375685443556802,2,Champion
EA-14035,2017-07-31,25,2846.705,152,2,4,3,9,Loyal Customer,0.027932084812988995,1.9871739462144153,-0.01908765412733965,0,Loyal Customer
EB-13705,2017-11-12,12,3644.978,48,3,2,3,8,Loyal Customer,-0.5309264544147699,-0.09661978906423471,0.28478341589833006,0,Loyal Customer
EB-13750,2017-11-25,20,3236.314,35,3,4,3,10,Champion,-0.6007837718182398,1.1857148172610883,0.1292211371278213,0,Loyal Customer
EB-13840,2017-10-01,8,4358.128,90,2,1,4,7,Loyal Customer,-0.3052335828035596,-0.7377870922268962,0.5562515146425018,1,Risk
EB-13870,2017-09-21,11,2767.219,100,2,2,3,7,Loyal Customer,-0.25149718480089045,-0.2569116148549001,-0.049344841671025,1,Risk
EB-13930,2017-07-22,7,944.6000000000001,161,2,1,1,4,Lost,0.0762948430153912,-0.8980789180175617,-0.7431440629638859,1,Risk
EB-13975,2017-12-30,6,1643.255,0,4,1,2,7,Loyal Customer,-0.7888611648275817,-1.058370743808227,-0.4771936394511475,1,Risk
EB-14110,2017-09-08,11,3071.126,113,2,2,3,7,Loyal Customer,-0.1816398673974206,-0.2569116148549001,0.06634057582185178,1,Risk
EB-14170,2017-10-09,7,1186.326,82,2,1,2,5,At Risk,-0.3482227012056949,-0.8980789180175617,-0.6511285015293579,1,Risk
EC-14050,2017-11-07,7,461.914,53,3,1,1,5,At Risk,-0.5040582554134354,-0.8980789180175617,-0.9268835998220915,1,Risk
ED-13885,2017-08-17,14,3484.92,135,2,3,3,8,Loyal Customer,-0.06341979179154852,0.22396386251709605,0.2238556434117639,0,Loyal Customer
EG-13900,2017-12-08,9,1832.02,22,4,2,2,8,Loyal Customer,-0.6706410892217096,-0.5774952664362308,-0.40533824344828195,1,Risk
EH-13765,2017-08-17,32,10310.880000000001,135,2,4,4,10,Champion,-0.06341979179154852,3.1092167267490733,2.8222295946194587,2,Champion
EH-13945,2017-05-27,17,684.1709999999999,217,1,4,1,6,At Risk,0.3772186718303383,0.7048393398890922,-0.8422791193865824,0,Loyal Customer
EH-13990,2016-11-20,8,825.9499999999999,405,1,1,1,3,Lost,1.3874629542805177,-0.7377870922268962,-0.7883094417986276,3,Lost
EH-14005,2017-12-28,11,1219.53,2,4,2,2,8,Loyal Customer,-0.7781138852270479,-0.2569116148549001,-0.6384890473462247,1,Risk
EH-14125,2017-07-31,18,3082.653,152,2,4,3,9,Loyal Customer,0.027932084812988995,0.8651311656797576,0.07072845042638654,0,Loyal Customer
EH-14185,2017-09-16,8,923.884,105,2,1,1,4,Lost,-0.2246289857995559,-0.7377870922268962,-0.7510298277168611,1,Risk
EJ-13720,2017-03-03,8,2162.174,302,1,1,2,4,Lost,0.8339780548530259,-0.7377870922268962,-0.2796616274870069,1,Risk
EJ-14155,2017-11-03,8,2656.691,57,3,1,3,7,Loyal Customer,-0.4825636962123677,-0.7377870922268962,-0.09141849520533882,1,Risk
EK-13795,2017-11-16,4,1303.478,44,3,1,2,6,At Risk,-0.5524210136158376,-1.3789543953895578,-0.6065333522563056,1,Risk
EL-13735,2017-10-14,2,124.28,77,2,1,1,4,Lost,-0.37509090020702945,-1.6995380469708885,-1.0554075569859276,1,Risk
EM-13810,2017-08-20,7,2567.0099999999998,132,2,1,3,6,At Risk,-0.07954071119234926,-0.8980789180175617,-0.12555651744957366,1,Risk
EM-13825,2017-11-05,16,2339.598,55,3,3,3,9,Loyal Customer,-0.4933109758129015,0.5445475140984268,-0.21212330321920075,0,Loyal Customer
EM-13960,2017-08-01,6,933.704,151,2,1,1,4,Lost,0.022558445012722084,-1.058370743808227,-0.7472917407370284,1,Risk
EM-14065,2017-11-13,6,228.99,47,3,1,1,5,At Risk,-0.5363000942150369,-1.058370743808227,-1.0155485867559588,1,Risk
EM-14095,2017-09-08,10,1041.0420000000001,113,2,2,1,5,At Risk,-0.1816398673974206,-0.41720344064556547,-0.7064323944802774,1,Risk
EM-14140,2017-11-12,21,4588.436000000001,48,3,4,4,11,Champion,-0.5309264544147699,1.3460066430517537,0.6439206934766503,0,Loyal Customer
EM-14200,2017-07-25,4,366.822,158,2,1,1,4,Lost,0.06017392361459047,-1.3789543953895578,-0.9630813765111202,1,Risk
EN-13780,2017-03-18,9,2199.366,287,1,2,2,5,At Risk,0.7533734578490222,-0.5774952664362308,-0.26550409887662585,1,Risk
EP-13915,2017-12-18,31,5478.0608,12,4,4,4,12,Champion,-0.7243774872243788,2.9489249009584078,0.9825657934579501,0,Loyal Customer
ER-13855,2016-11-04,5,1245.788,421,1,1,2,4,Lost,1.4734411910847884,-1.2186625695988924,-0.6284936616113519,3,Lost
ES-14020,2017-11-20,8,3510.4579999999996,40,3,1,3,7,Loyal Customer,-0.5739155728169052,-0.7377870922268962,0.23357695352286048,1,Risk
ES-14080,2017-12-02,20,4657.924,28,4,4,4,12,Champion,-0.6383992504201081,1.1857148172610883,0.6703720364557357,0,Loyal Customer
FA-14230,2017-09-24,17,2984.054,97,2,4,3,9,Loyal Customer,-0.2676181042016912,0.7048393398890922,0.03319569705321606,0,Loyal Customer
FC-14245,2017-10-21,14,3418.742,70,3,3,3,9,Loyal Customer,-0.4127063788088978,0.22396386251709605,0.19866428698087027,0,Loyal Customer
FC-14335,2017-06-29,10,3889.366,184,1,2,4,7,Loyal Customer,0.1998885584215302,-0.41720344064556547,0.37781229581965187,1,Risk
FG-14260,2017-11-26,11,1383.144,34,3,2,2,7,Loyal Customer,-0.6061574116185067,-0.2569116148549001,-0.5762076458066763,1,Risk
FH-14275,2017-11-23,21,4256.272,37,3,4,4,11,Champion,-0.5900364922177059,1.3460066430517537,0.5174789497323338,0,Loyal Customer
FH-14350,2017-06-01,14,2271.284,212,1,3,3,7,Loyal Customer,0.3503504728290038,0.22396386251709605,-0.23812775066729627,1,Risk
FH-14365,2017-12-25,13,6987.196,5,4,3,4,11,Champion,-0.7619929658262472,0.06367203672643067,1.5570340869332435,0,Loyal Customer
FM-14215,2017-12-23,15,2456.638,7,4,3,3,10,Champion,-0.7512456862257133,0.38425568830776147,-0.1675707879320692,0,Loyal Customer
FM-14290,2017-11-24,20,3736.198,36,3,4,3,10,Champion,-0.5954101320179729,1.1857148172610883,0.31950727478838586,0,Loyal Customer
FM-14380,2017-08-07,14,2523.266,145,2,3,3,8,Loyal Customer,-0.009683393788879394,0.22396386251709605,-0.14220813423631554,0,Loyal Customer
FO-14305,2017-11-22,15,2678.438,38,3,3,3,9,Loyal Customer,-0.5846628524174391,0.38425568830776147,-0.08314026938553991,0,Loyal Customer
FP-14320,2017-12-07,14,4046.746,23,4,3,4,11,Champion,-0.6652674494214428,0.22396386251709605,0.437720659250007,0,Loyal Customer
FW-14395,2017-01-02,3,79.75,362,1,1,1,3,Lost,1.1563964428690408,-1.5392462211802231,-1.0723583729952917,3,Lost
GA-14515,2017-08-03,14,3919.7760000000003,149,2,3,4,9,Loyal Customer,0.011811165412188256,0.22396386251709605,0.3893881843182992,0,Loyal Customer
GA-14725,2017-12-25,22,1398.382,5,4,4,2,10,Champion,-0.7619929658262472,1.506298468842419,-0.5704071397579296,0,Loyal Customer
GB-14530,2017-10-29,20,1568.44,62,3,4,2,9,Loyal Customer,-0.45569549721103314,1.1857148172610883,-0.5056727613855866,0,Loyal Customer
GB-14575,2017-12-17,16,4716.288,13,4,3,4,11,Champion,-0.7190038474241118,0.5445475140984268,0.6925889110474832,0,Loyal Customer
GD-14590,2017-12-25,6,1888.07,5,4,1,2,7,Loyal Customer,-0.7619929658262472,-1.058370743808227,-0.38400221745850305,1,Risk
GG-14650,2017-11-17,24,2224.0,43,3,4,2,9,Loyal Customer,-0.5577946534161045,1.82688212042375,-0.2561269059376033,0,Loyal Customer
GH-14410,2017-10-16,17,2819.4669999999996,75,3,4,3,10,Champion,-0.3858381798075633,0.7048393398890922,-0.029456087239018578,0,Loyal Customer
GH-14425,2017-11-10,10,4172.8460000000005,50,3,2,4,9,Loyal Customer,-0.5201791748142361,-0.41720344064556547,0.4857219594696525,1,Risk
GH-14485,2016-12-08,3,1361.2440000000001,387,1,1,2,4,Lost,1.2907374378757135,-1.5392462211802231,-0.5845441126965274,3,Lost
GH-14665,2017-12-28,3,146.94080000000002,2,4,1,1,6,At Risk,-0.7781138852270479,-1.5392462211802231,-1.0467814835202867,1,Risk
GK-14620,2017-09-09,14,6497.27,112,2,3,4,9,Loyal Customer,-0.1870135071976875,0.22396386251709605,1.3705385674137358,0,Loyal Customer
GM-14440,2017-10-08,11,3582.8199999999997,83,2,2,3,7,Loyal Customer,-0.342849061405428,-0.2569116148549001,0.2611223150335185,1,Risk
GM-14455,2017-12-14,12,3078.624,16,4,2,3,9,Loyal Customer,-0.7028829280233111,-0.09661978906423471,0.06919476891500706,1,Risk
GM-14500,2017-09-15,13,1255.682,106,2,3,2,7,Loyal Customer,-0.21925534599928898,0.06367203672643067,-0.6247274057479644,1,Risk
GM-14680,2017-07-31,11,3163.628,152,2,2,3,7,Loyal Customer,0.027932084812988995,-0.2569116148549001,0.10155244158646423,1,Risk
GM-14695,2017-09-04,11,6049.966,117,2,2,4,8,Loyal Customer,-0.16014530819635295,-0.2569116148549001,1.2002675635005855,0,Loyal Customer
GP-14740,2015-11-26,5,236.53,765,1,1,1,3,Lost,3.3219732823766064,-1.2186625695988924,-1.0126784059180831,3,Lost
GR-14560,2014-11-21,5,1284.38,1135,1,1,2,4,Lost,5.310220008475364,-1.2186625695988924,-0.6138032081769621,3,Lost
GT-14635,2017-11-04,6,9351.212,56,3,1,4,8,Loyal Customer,-0.4879373360126346,-1.058370743808227,2.4569218089002938,2,Champion
GT-14710,2017-11-24,29,11820.119999999999,36,3,4,4,11,Champion,-0.5954101320179729,2.628341249377077,3.3967377813244344,2,Champion
GT-14755,2017-11-26,7,226.436,34,3,1,1,5,At Risk,-0.6061574116185067,-0.8980789180175617,-1.0165207938991863,1,Risk
GW-14605,2017-12-02,9,2189.019,28,4,2,2,8,Loyal Customer,-0.6383992504201081,-0.5774952664362308,-0.2694427939866392,1,Risk
GZ-14470,2017-12-23,14,4355.150000000001,7,4,3,4,11,Champion,-0.7512456862257133,0.22396386251709605,0.5551179074097178,0,Loyal Customer
GZ-14545,2017-07-26,5,2454.6220000000003,157,2,1,3,6,At Risk,0.05480028381432356,-1.2186625695988924,-0.16833819967864166,1,Risk
HA-14905,2017-10-22,10,2163.3,69,3,2,2,7,Loyal Customer,-0.41808001860916477,-0.41720344064556547,-0.27923300366426834,1,Risk
HA-14920,2017-12-10,18,2584.158,20,4,4,3,11,Champion,-0.6813883688222435,0.8651311656797576,-0.11902894967664358,0,Loyal Customer
HD-14785,2015-11-22,7,251.36,769,1,1,1,3,Lost,3.343467841577674,-0.8980789180175617,-1.0070332093894763,3,Lost
HE-14800,2017-12-18,11,883.5319999999999,12,4,2,1,7,Loyal Customer,-0.7243774872243788,-0.2569116148549001,-0.7663902437871477,1,Risk
HF-14995,2017-12-09,19,2533.1639999999998,21,4,4,3,11,Champion,-0.6760147290219766,1.025422991470423,-0.1384403557305738,0,Loyal Customer
HG-14845,2017-11-06,10,785.628,54,3,2,1,6,At Risk,-0.49868461561316846,-0.41720344064556547,-0.8036584380512567,1,Risk
HG-14965,2017-12-07,17,3247.642,23,4,4,3,11,Champion,-0.6652674494214428,0.7048393398890922,0.13353326027522924,0,Loyal Customer
HG-15025,2017-12-24,11,3690.284,6,4,2,3,9,Loyal Customer,-0.7566193260259803,-0.2569116148549001,0.3020296245244304,1,Risk
HH-15010,2017-10-19,6,218.668,72,3,1,1,5,At Risk,-0.40195909920836403,-1.058370743808227,-1.0194777653512577,1,Risk
HJ-14875,2017-08-26,6,358.1,126,2,1,1,4,Lost,-0.11178254999395074,-1.058370743808227,-0.9664014981646948,1,Risk
HK-14890,2017-08-01,15,4877.784,151,2,3,4,9,Loyal Customer,0.022558445012722084,0.38425568830776147,0.7540640734604241,0,Loyal Customer
HL-15040,2017-11-17,11,12873.297999999999,43,3,2,4,9,Loyal Customer,-0.5577946534161045,-0.2569116148549001,3.797641138681497,2,Champion
HM-14860,2017-12-28,20,8236.7648,2,4,4,4,12,Champion,-0.7781138852270479,1.1857148172610883,2.032695681809548,2,Champion
HM-14980,2017-04-27,7,736.276,247,1,1,1,3,Lost,0.5384278658383457,-0.8980789180175617,-0.8224447994187425,1,Risk
HP-14815,2017-11-30,10,1990.314,30,4,2,2,8,Loyal Customer,-0.6276519708195744,-0.41720344064556547,-0.3450819562399668,1,Risk
HR-14770,2017-12-17,13,1299.288,13,4,3,2,9,Loyal Customer,-0.7190038474241118,0.06367203672643067,-0.6081283201224461,1,Risk
HR-14830,2017-07-24,14,5248.787,159,2,3,4,9,Loyal Customer,0.06554756341485739,0.22396386251709605,0.8952902938045091,0,Loyal Customer
HW-14935,2017-09-04,20,9300.254,117,2,4,4,10,Champion,-0.16014530819635295,1.1857148172610883,2.437524106627553,2,Champion
HZ-14950,2017-11-25,6,886.52,35,3,1,1,5,At Risk,-0.6007837718182398,-1.058370743808227,-0.7652528299484775,1,Risk
IG-15085,2017-10-20,7,744.574,71,3,1,1,5,At Risk,-0.40733273900863093,-0.8980789180175617,-0.8192860778547247,1,Risk
IL-15100,2017-08-10,14,5040.736,142,2,3,4,9,Loyal Customer,-0.02580431318968013,0.22396386251709605,0.8160934776903342,0,Loyal Customer
IM-15055,2016-11-16,4,2872.63,409,1,1,3,5,At Risk,1.4089575134815855,-1.3789543953895578,-0.009219028368463247,3,Lost
IM-15070,2016-12-05,21,4930.474,390,1,4,4,9,Loyal Customer,1.3068583572765142,1.3460066430517537,0.7741210798725823,0,Loyal Customer
JA-15970,2017-09-29,24,6491.026,92,2,4,4,10,Champion,-0.29448630320302577,1.82688212042375,1.3681617226986564,2,Champion
JB-15400,2017-12-23,16,1791.605,7,4,3,2,9,Loyal Customer,-0.7512456862257133,0.5445475140984268,-0.42072264113564883,0,Loyal Customer
JB-15925,2015-12-24,8,900.552,737,1,1,1,3,Lost,3.1715113679691327,-0.7377870922268962,-0.7599114005695555,3,Lost
JB-16000,2017-11-17,7,644.1188,43,3,1,1,5,At Risk,-0.5577946534161045,-0.8980789180175617,-0.8575254134124134,1,Risk
JB-16045,2017-12-23,9,2518.115,7,4,2,3,9,Loyal Customer,-0.7512456862257133,-0.5774952664362308,-0.1441689169280793,1,Risk
JC-15340,2017-09-07,4,71.263,114,2,1,1,4,Lost,-0.17626622759715369,-1.3789543953895578,-1.0755890394105505,1,Risk
JC-15385,2017-07-08,4,1058.108,175,2,1,1,4,Lost,0.15152580021912798,-1.3789543953895578,-0.6999360408756108,1,Risk
JC-15775,2017-07-25,16,2772.055,158,2,3,3,8,Loyal Customer,0.06017392361459047,0.5445475140984268,-0.04750396706466343,0,Loyal Customer
JC-16105,2017-11-03,9,858.576,57,3,2,1,6,At Risk,-0.4825636962123677,-0.5774952664362308,-0.7758900094356922,1,Risk
JD-15790,2017-09-04,7,2152.352,117,2,1,2,5,At Risk,-0.16014530819635295,-0.8980789180175617,-0.2834004757880169,1,Risk
JD-15895,2016-12-01,32,7610.8640000000005,394,1,4,4,9,Loyal Customer,1.3283529164775818,3.1092167267490733,1.7944399148903079,2,Champion
JD-16015,2017-09-09,11,385.43,112,2,2,1,5,At Risk,-0.1870135071976875,-0.2569116148549001,-0.9559980442788668,1,Risk
JD-16060,2017-03-05,6,695.442,300,1,1,1,3,Lost,0.8232307752524921,-1.058370743808227,-0.8379886938927233,1,Risk
JD-16150,2017-11-19,17,8828.0305,41,3,4,4,11,Champion,-0.5685419330166384,0.7048393398890922,2.257767231177341,2,Champion
JE-15475,2017-06-20,13,1388.682,193,1,3,2,6,At Risk,0.2482513166239324,0.06367203672643067,-0.5740995474671331,1,Risk
JE-15610,2017-11-12,20,7754.976,48,3,4,4,11,Champion,-0.5309264544147699,1.1857148172610883,1.8492976736314142,2,Champion
JE-15715,2017-11-14,22,8697.842999999999,46,3,4,4,11,Champion,-0.5416737340153037,1.506298468842419,2.2082099808018842,2,Champion
JE-15745,2017-11-09,23,6760.8150000000005,51,3,4,4,11,Champion,-0.5148055350139692,1.6665902946330846,1.4708597622304402,2,Champion
JE-16165,2017-12-10,7,2697.248,20,4,1,3,8,Loyal Customer,-0.6813883688222435,-0.8980789180175617,-0.07598004371439379,1,Risk
JF-15190,2017-10-26,19,2279.5860000000002,65,3,4,3,10,Champion,-0.4395745778102324,1.025422991470423,-0.23496750646092432,0,Loyal Customer
JF-15295,2017-05-19,14,955.124,225,1,3,1,5,At Risk,0.4202077902324736,0.22396386251709605,-0.7391379909296945,1,Risk
JF-15355,2017-09-16,16,1911.844,105,2,3,2,7,Loyal Customer,-0.2246289857995559,0.5445475140984268,-0.37495239262565727,0,Loyal Customer
JF-15415,2017-12-28,14,2371.448,2,4,3,3,10,Champion,-0.7781138852270479,0.22396386251709605,-0.1999992634730017,0,Loyal Customer
JF-15490,2017-08-31,15,1082.918,121,2,3,1,6,At Risk,-0.1386507489952853,0.38425568830776147,-0.6904918516729985,1,Risk
JF-15565,2017-11-06,16,4198.332,54,3,3,4,10,Champion,-0.49868461561316846,0.5445475140984268,0.4954234752301432,0,Loyal Customer
JG-15115,2015-12-03,7,2358.676,758,1,1,3,5,At Risk,3.284357803774738,-0.8980789180175617,-0.2048610605103158,3,Lost
JG-15160,2017-12-29,18,6366.392,1,4,4,4,12,Champion,-0.7834875250273148,0.8651311656797576,1.320718470901866,0,Loyal Customer
JG-15310,2017-12-28,11,2240.58,2,4,2,2,8,Loyal Customer,-0.7781138852270479,-0.2569116148549001,-0.2498155533789854,1,Risk
JG-15805,2017-05-21,9,1507.018,223,1,2,2,5,At Risk,0.4094605106319398,-0.5774952664362308,-0.5290536960572048,1,Risk
JH-15430,2017-12-25,7,309.281,5,4,1,1,6,At Risk,-0.7619929658262472,-0.8980789180175617,-0.9849849674384685,1,Risk
JH-15820,2017-07-09,8,528.91,174,2,1,1,4,Lost,0.14615216041886106,-0.7377870922268962,-0.9013808630297414,1,Risk
JH-15910,2017-11-19,9,959.477,41,3,2,1,6,At Risk,-0.5685419330166384,-0.5774952664362308,-0.7374809753876159,1,Risk
JH-15985,2017-12-01,14,7954.9980000000005,29,4,3,4,11,Champion,-0.6330256106198413,0.22396386251709605,1.925438165879899,2,Champion
JH-16180,2016-11-21,5,2256.3940000000002,404,1,1,2,4,Lost,1.3820893144802509,-1.2186625695988924,-0.24379578683121786,3,Lost
JJ-15445,2016-09-03,6,709.178,483,1,1,1,3,Lost,1.8066068587013369,-1.058370743808227,-0.8327599400480203,3,Lost
JJ-15760,2015-12-08,3,195.0,753,1,1,1,3,Lost,3.2574896047734034,-1.5392462211802231,-1.0284872401617142,3,Lost
JK-15205,2017-10-30,13,4427.142,61,3,3,4,10,Champion,-0.46106913701130003,0.06367203672643067,0.5825224245026017,0,Loyal Customer
JK-15325,2017-03-18,4,383.812,287,1,1,1,3,Lost,0.7533734578490222,-1.3789543953895578,-0.9566139531111855,1,Risk
JK-15370,2017-11-16,17,2709.632,44,3,4,3,10,Champion,-0.5524210136158376,0.7048393398890922,-0.0712659429854478,0,Loyal Customer
JK-15625,2017-10-30,12,3760.028,61,3,2,3,8,Loyal Customer,-0.46106913701130003,-0.09661978906423471,0.3285784166141919,0,Loyal Customer
JK-15640,2017-07-03,12,4760.434,180,2,2,4,8,Loyal Customer,0.17839399922046256,-0.09661978906423471,0.7093935533908338,0,Loyal Customer
JK-15730,2017-10-07,20,4867.2,84,2,4,4,10,Champion,-0.3374754216051611,1.1857148172610883,0.7500351617909181,0,Loyal Customer
JK-16090,2017-12-02,9,3747.668,28,4,2,3,9,Loyal Customer,-0.6383992504201081,-0.5774952664362308,0.32387345173937193,1,Risk
JK-16120,2017-09-04,17,2932.484,117,2,4,3,9,Loyal Customer,-0.16014530819635295,0.7048393398890922,0.013565030500265089,0,Loyal Customer
JL-15130,2017-12-22,12,1214.956,8,4,2,2,8,Loyal Customer,-0.7458720464254465,-0.09661978906423471,-0.640230188878379,1,Risk
JL-15175,2017-12-24,7,1571.523,6,4,1,2,7,Loyal Customer,-0.7566193260259803,-0.8980789180175617,-0.5044991847910016,1,Risk
JL-15235,2017-09-02,10,2203.7,119,2,2,2,6,At Risk,-0.14939802859581913,-0.41720344064556547,-0.2638543158857303,1,Risk
JL-15505,2017-11-11,17,3173.874,49,3,4,3,10,Champion,-0.525552814614503,0.7048393398890922,0.105452689977031,0,Loyal Customer
JL-15835,2017-12-09,34,9799.923,21,4,4,4,12,Champion,-0.6760147290219766,3.429800378330404,2.6277284022615732,2,Champion
JL-15850,2016-04-25,11,2725.256,614,1,2,3,6,At Risk,2.5105536725363025,-0.2569116148549001,-0.06531850194951022,3,Lost
JM-15250,2017-11-23,19,3159.1220000000003,37,3,4,3,10,Champion,-0.5900364922177059,1.025422991470423,0.09983718497433328,0,Loyal Customer
JM-15265,2017-11-23,13,1804.146,37,3,3,2,8,Loyal Customer,-0.5900364922177059,0.06367203672643067,-0.4159487766942962,1,Risk
JM-15535,2017-09-19,10,1733.443,102,2,2,2,6,At Risk,-0.24074990520035663,-0.41720344064556547,-0.4428626222885038,1,Risk
JM-15580,2017-12-30,7,303.948,0,4,1,1,6,At Risk,-0.7888611648275817,-0.8980789180175617,-0.9870150303573533,1,Risk
JM-15655,2017-12-22,12,864.947,8,4,2,1,7,Loyal Customer,-0.7458720464254465,-0.09661978906423471,-0.7734648208258638,1,Risk
JM-15865,2017-09-12,13,7625.076000000001,109,2,3,4,9,Loyal Customer,-0.20313442659848824,0.06367203672643067,1.7998498631751736,2,Champion
JM-16195,2017-11-03,19,2833.9260000000004,57,3,4,3,10,Champion,-0.4825636962123677,1.025422991470423,-0.023952115788773636,0,Loyal Customer
JO-15145,2017-11-03,13,3254.949,57,3,3,3,9,Loyal Customer,-0.4825636962123677,0.06367203672643067,0.13631474719596645,0,Loyal Customer
JO-15280,2017-09-29,11,1934.272,92,2,2,2,6,At Risk,-0.29448630320302577,-0.2569116148549001,-0.36641493694503713,1,Risk
JO-15550,2017-05-29,11,1090.838,215,1,2,1,4,Lost,0.3664713922298045,-0.2569116148549001,-0.6874770198114634,1,Risk
JP-15460,2017-11-23,15,1669.135,37,3,3,2,8,Loyal Customer,-0.5900364922177059,0.38425568830776147,-0.46734214341875724,0,Loyal Customer
JP-15520,2017-12-22,16,3635.594,8,4,3,3,10,Champion,-0.7458720464254465,0.5445475140984268,0.2812112969351171,0,Loyal Customer
JP-16135,2017-09-19,13,1707.71,102,2,3,2,7,Loyal Customer,-0.24074990520035663,0.06367203672643067,-0.45265816121437324,1,Risk
JR-15670,2016-05-16,3,1156.658,593,1,1,2,4,Lost,2.3977072367306973,-1.5392462211802231,-0.6624219398712805,3,Lost
JR-15700,2017-10-23,1,863.88,68,3,1,1,5,At Risk,-0.42345365840943167,-1.8598298727615539,-0.7738709856738761,1,Risk
JR-16210,2017-11-27,10,2201.686,33,3,2,2,7,Loyal Customer,-0.6115310514187736,-0.41720344064556547,-0.2646209663111256,1,Risk
JS-15595,2017-09-02,8,1417.654,119,2,1,2,5,At Risk,-0.14939802859581913,-0.7377870922268962,-0.5630710488948606,1,Risk
JS-15685,2017-11-18,11,1131.0639999999999,42,3,2,1,6,At Risk,-0.5631682932163714,-0.2569116148549001,-0.6721645669753377,1,Risk
JS-15880,2016-07-14,9,3868.02,534,1,2,4,7,Loyal Customer,2.0806624885149496,-0.5774952664362308,0.36968671489587274,3,Lost
JS-15940,2016-09-23,8,469.169,463,1,1,1,3,Lost,1.6991340626959988,-0.7377870922268962,-0.9241219072519605,3,Lost
JS-16030,2017-12-02,18,2516.494,28,4,4,3,11,Champion,-0.6383992504201081,0.8651311656797576,-0.14478596774216357,0,Loyal Customer
JW-15220,2017-11-18,14,7721.714,42,3,3,4,10,Champion,-0.5631682932163714,0.22396386251709605,1.836636141134143,2,Champion
JW-15955,2017-12-25,11,1244.086,5,4,2,2,8,Loyal Customer,-0.7619929658262472,-0.2569116148549001,-0.6291415459331111,1,Risk
JW-16075,2016-09-25,7,1428.731,461,1,1,2,4,Lost,1.6883867830954649,-0.8980789180175617,-0.5588544715551856,3,Lost
KA-16525,2017-11-24,11,1519.506,36,3,2,2,7,Loyal Customer,-0.5954101320179729,-0.2569116148549001,-0.5243000066270468,1,Risk
KB-16240,2017-12-26,10,3152.6150000000002,4,4,2,3,9,Loyal Customer,-0.767366605626514,-0.41720344064556547,0.09736022652445829,1,Risk
KB-16315,2017-03-09,22,1569.464,296,1,4,2,7,Loyal Customer,0.8017362160514244,1.506298468842419,-0.505282964942883,0,Loyal Customer
KB-16405,2017-09-04,9,908.821,117,2,2,1,5,At Risk,-0.16014530819635295,-0.5774952664362308,-0.7567637181626068,1,Risk
KB-16585,2017-05-14,23,2744.742,230,1,4,3,8,Loyal Customer,0.4470759892338082,1.6665902946330846,-0.05790094972048544,0,Loyal Customer
KB-16600,2017-12-29,9,983.922,1,4,2,1,7,Loyal Customer,-0.7834875250273148,-0.5774952664362308,-0.7281757272998345,1,Risk
KC-16255,2016-11-18,10,2120.954,407,1,2,2,5,At Risk,1.3982102338810516,-0.41720344064556547,-0.29535245694817874,3,Lost
KC-16540,2017-09-24,5,3908.262,97,2,1,4,7,Loyal Customer,-0.2676181042016912,-1.2186625695988924,0.38500525830141574,1,Risk
KC-16675,2017-11-03,7,1146.05,57,3,1,1,5,At Risk,-0.4825636962123677,-0.8980789180175617,-0.6664599873949125,1,Risk
KD-16270,2016-09-02,16,8282.358,484,1,3,4,8,Loyal Customer,1.811980498501604,0.5445475140984268,2.0500512161566875,2,Champion
KD-16345,2017-11-19,10,1888.964,41,3,2,2,7,Loyal Customer,-0.5685419330166384,-0.41720344064556547,-0.3836619068923146,1,Risk
KD-16495,2017-09-09,28,8181.256,112,2,4,4,10,Champion,-0.1870135071976875,2.4680494235864114,2.0115656693303072,2,Champion
KD-16615,2017-03-16,13,2243.5099999999998,289,1,3,2,6,At Risk,0.764120737449556,0.06367203672643067,-0.24870021785445287,1,Risk
KE-16420,2017-12-04,15,1686.7312,26,4,3,2,9,Loyal Customer,-0.649146530020642,0.38425568830776147,-0.4606439635700267,0,Loyal Customer
KF-16285,2017-09-24,18,10604.266,97,2,4,4,10,Champion,-0.2676181042016912,0.8651311656797576,2.933910082059909,2,Champion
KH-16330,2017-11-20,18,3312.864,40,3,4,3,10,Champion,-0.5739155728169052,0.8651311656797576,0.15836070518344272,0,Loyal Customer
KH-16360,2017-12-29,14,3100.612,1,4,3,3,10,Champion,-0.7834875250273148,0.22396386251709605,0.07756473393665318,0,Loyal Customer
KH-16510,2017-12-08,23,5952.859,22,4,4,4,12,Champion,-0.6706410892217096,1.6665902946330846,1.1633027557255728,0,Loyal Customer
KH-16630,2017-11-02,17,3918.9660000000003,58,3,4,4,11,Champion,-0.47719005641210077,0.7048393398890922,0.3890798492415513,0,Loyal Customer
KH-16690,2017-12-28,15,5990.799,2,4,3,4,11,Champion,-0.7781138852270479,0.38425568830776147,1.1777450184562097,0,Loyal Customer
KL-16555,2017-12-14,22,5016.488,16,4,4,4,12,Champion,-0.7028829280233111,1.506298468842419,0.8068632197385028,0,Loyal Customer
KL-16645,2017-11-13,29,14175.229000000001,47,3,4,4,11,Champion,-0.5363000942150369,2.628341249377077,4.293234959429024,2,Champion
KM-16225,2017-12-16,19,2260.958,14,4,4,3,11,Champion,-0.713630207623845,1.025422991470423,-0.2420584519049494,0,Loyal Customer
KM-16375,2017-11-04,20,5620.186,56,3,4,4,11,Champion,-0.4879373360126346,1.1857148172610883,1.0366672557416703,0,Loyal Customer
KM-16660,2017-12-15,9,453.538,15,4,2,1,7,Loyal Customer,-0.708256567823578,-0.5774952664362308,-0.9300720129120182,1,Risk
KM-16720,2017-12-02,28,4909.472,28,4,4,4,12,Champion,-0.6383992504201081,2.4680494235864114,0.7661264461912737,0,Loyal Customer
KN-16390,2017-12-11,17,2617.272,19,4,4,3,11,Champion,-0.6867620086225104,0.7048393398890922,-0.1064237549464823,0,Loyal Customer
KN-16450,2017-11-08,8,2171.962,52,3,1,2,6,At Risk,-0.5094318952137022,-0.7377870922268962,-0.27593572164600855,1,Risk
KN-16705,2017-09-23,15,2280.58,98,2,3,3,8,Loyal Customer,-0.2622444644014243,0.38425568830776147,-0.23458912983587824,0,Loyal Customer
KS-16300,2017-03-10,4,88.472,295,1,1,1,3,Lost,0.7963625762511575,-1.3789543953895578,-1.0690382513417171,1,Risk
KT-16465,2016-12-04,14,3057.1,391,1,3,3,7,Loyal Customer,1.312231997076781,0.22396386251709605,0.061001430406461145,3,Lost
KT-16480,2017-09-21,13,4642.088400000001,100,2,3,4,9,Loyal Customer,-0.25149718480089045,0.06367203672643067,0.6643440476392553,0,Loyal Customer
KW-16435,2017-09-25,10,4416.5199999999995,96,2,2,4,8,Loyal Customer,-0.27299174400195814,-0.41720344064556547,0.5784790477307296,1,Risk
KW-16570,2015-11-20,5,449.096,771,1,1,1,3,Lost,3.354215121178208,-1.2186625695988924,-0.9317629072464803,3,Lost
LA-16780,2017-07-29,26,8673.222,154,2,4,4,10,Champion,0.03867936441352282,2.1474657720050807,2.198837736450513,2,Champion
LB-16735,2017-11-12,3,50.188,48,3,1,1,5,At Risk,-0.5309264544147699,-1.5392462211802231,-1.083611461314825,1,Risk
LB-16795,2017-07-31,24,4985.676,152,2,4,4,10,Champion,0.027932084812988995,1.82688212042375,0.7951343056832474,0,Loyal Customer
LC-16870,2017-12-03,30,2580.7039999999997,27,4,4,3,11,Champion,-0.6437728902203751,2.7886330751677426,-0.12034375134959095,0,Loyal Customer
LC-16885,2017-12-14,23,7663.126,16,4,4,4,12,Champion,-0.7028829280233111,1.6665902946330846,1.8143339985705542,2,Champion
LC-16930,2017-11-19,14,4492.946,41,3,3,4,10,Champion,-0.5685419330166384,0.22396386251709605,0.6075714138733674,0,Loyal Customer
LC-16960,2016-10-20,7,3246.626,436,1,1,3,5,At Risk,1.5540457880887921,-0.8980789180175617,0.13314650911723447,3,Lost
LC-17050,2017-11-06,9,2095.064,54,3,2,2,7,Loyal Customer,-0.49868461561316846,-0.5774952664362308,-0.30520775958645496,1,Risk
LC-17140,2017-12-17,19,2633.582,13,4,4,3,11,Champion,-0.7190038474241118,1.025422991470423,-0.10021518074678037,0,Loyal Customer
LD-16855,2016-06-26,1,5.304,552,1,1,1,3,Lost,2.177388004919754,-1.8598298727615539,-1.1006970311725457,3,Lost
LD-17005,2016-11-11,7,1961.934,414,1,1,2,4,Lost,1.43582571248292,-0.8980789180175617,-0.35588510374380133,3,Lost
LE-16810,2017-12-09,9,1469.45,21,4,2,2,8,Loyal Customer,-0.6760147290219766,-0.5774952664362308,-0.543354353048891,1,Risk
LF-17185,2017-12-08,16,3930.5089999999996,22,4,3,4,11,Champion,-0.6706410892217096,0.5445475140984268,0.39347381441550316,0,Loyal Customer
LH-16750,2017-08-01,3,287.426,151,2,1,1,4,Lost,0.022558445012722084,-1.5392462211802231,-0.9933043046018337,1,Risk
LH-16900,2017-12-09,15,2295.332,21,4,3,3,10,Champion,-0.6760147290219766,0.38425568830776147,-0.22897362483318034,0,Loyal Customer
LH-17020,2017-05-05,6,318.239,239,1,1,1,3,Lost,0.4954387474362104,-1.058370743808227,-0.9815750098859897,1,Risk
LH-17155,2016-12-10,19,1739.689,385,1,4,2,7,Loyal Customer,1.2799901582751796,1.025422991470423,-0.4404850162522476,0,Loyal Customer
LL-16840,2017-04-25,12,2741.2039999999997,249,1,2,3,6,At Risk,0.5491751454388796,-0.09661978906423471,-0.05924772688287345,1,Risk
LM-17065,2016-12-04,7,1346.774,391,1,1,2,4,Lost,1.312231997076781,-0.8980789180175617,-0.5900522714132465,3,Lost
LO-17170,2017-12-28,9,644.35,2,4,2,1,7,Loyal Customer,-0.7781138852270479,-0.5774952664362308,-0.8574374046843342,1,Risk
LP-17080,2017-11-20,9,756.606,40,3,2,1,6,At Risk,-0.5739155728169052,-0.5774952664362308,-0.814705969652958,1,Risk
LP-17095,2017-12-21,15,3653.399,9,4,3,3,10,Champion,-0.7404984066251795,0.38425568830776147,0.2879889587147426,0,Loyal Customer
LR-16915,2017-12-04,16,5142.892,26,4,3,4,11,Champion,-0.649146530020642,0.5445475140984268,0.8549802407770756,0,Loyal Customer
LR-17035,2017-08-20,12,1879.306,132,2,2,2,6,At Risk,-0.07954071119234926,-0.09661978906423471,-0.3873383268567978,1,Risk
LS-16945,2017-07-05,14,2845.27,178,2,3,3,8,Loyal Customer,0.16764671961992872,0.22396386251709605,-0.019633902071948598,0,Loyal Customer
LS-16975,2017-12-10,22,2988.674,20,4,4,3,11,Champion,-0.6813883688222435,1.506298468842419,0.0349543489724449,0,Loyal Customer
LS-17200,2017-09-25,14,1010.2560000000001,96,2,3,1,6,At Risk,-0.27299174400195814,0.22396386251709605,-0.7181514113602299,1,Risk
LS-17230,2015-11-14,6,368.88000000000005,777,1,1,1,3,Lost,3.3864569599798093,-1.058370743808227,-0.9622979770198273,3,Lost
LS-17245,2017-11-26,12,1008.1360000000001,34,3,2,1,6,At Risk,-0.6061574116185067,-0.09661978906423471,-0.7189584118080146,1,Risk
LT-16765,2017-12-04,3,329.876,26,4,1,1,6,At Risk,-0.649146530020642,-1.5392462211802231,-0.9771452626167113,1,Risk
LT-17110,2017-11-26,14,2936.252,34,3,3,3,9,Loyal Customer,-0.6061574116185067,0.22396386251709605,0.014999359598025794,0,Loyal Customer
LW-16825,2017-10-03,15,2238.061,88,2,3,2,7,Loyal Customer,-0.3159808624040934,0.38425568830776147,-0.2507744374016125,0,Loyal Customer
LW-16990,2017-11-27,11,3230.308,33,3,2,3,8,Loyal Customer,-0.6115310514187736,-0.2569116148549001,0.12693488963282382,1,Risk
LW-17125,2017-06-08,5,1259.04,205,1,1,2,4,Lost,0.31273499422713535,-1.2186625695988924,-0.6234491474915206,1,Risk
LW-17215,2017-12-09,15,5420.514,21,4,3,4,11,Champion,-0.6760147290219766,0.38425568830776147,0.9606599946991882,0,Loyal Customer
MA-17560,2017-10-27,34,4299.161,64,3,4,4,11,Champion,-0.4449482176104993,3.429800378330404,0.533805101715842,0,Loyal Customer
MA-17995,2017-06-27,12,2453.284,186,1,2,3,6,At Risk,0.21063583802206404,-0.09661978906423471,-0.16884752354615867,1,Risk
MB-17305,2017-11-12,19,1548.702,48,3,4,2,9,Loyal Customer,-0.5309264544147699,1.025422991470423,-0.5131862400829329,0,Loyal Customer
MB-18085,2017-11-16,10,1428.231,44,3,2,2,7,Loyal Customer,-0.5524210136158376,-0.41720344064556547,-0.5590448018494745,1,Risk
MC-17275,2017-10-15,13,2725.982,76,2,3,3,8,Loyal Customer,-0.38046454000729635,0.06367203672643067,-0.06504214236220279,1,Risk
MC-17425,2016-11-26,10,4432.138,399,1,2,4,7,Loyal Customer,1.3552211154789164,-0.41720344064556547,0.5844242048031358,3,Lost
MC-17575,2017-12-03,11,1303.893,27,4,2,2,8,Loyal Customer,-0.6437728902203751,-0.2569116148549001,-0.6063753781120459,1,Risk
MC-17590,2017-11-09,17,2426.067,51,3,4,3,10,Champion,-0.5148055350139692,0.7048393398890922,-0.1792079627854774,0,Loyal Customer
MC-17605,2017-09-09,18,2258.192,112,2,4,3,9,Loyal Customer,-0.1870135071976875,0.8651311656797576,-0.24311135909295528,0,Loyal Customer
MC-17635,2017-06-24,8,795.154,189,1,1,1,3,Lost,0.22675675742286477,-0.7377870922268962,-0.8000322652844658,1,Risk
MC-17845,2017-12-29,14,3805.714,1,4,3,4,11,Champion,-0.7834875250273148,0.22396386251709605,0.34596927626395185,0,Loyal Customer
MC-18100,2017-11-19,19,2218.98,41,3,4,2,9,Loyal Customer,-0.5685419330166384,1.025422991470423,-0.2580378220922632,0,Loyal Customer
MC-18130,2016-12-26,11,1581.9979999999998,369,1,2,2,5,At Risk,1.194011921470909,-0.2569116148549001,-0.5005117651256505,3,Lost
MD-17350,2017-09-04,17,3766.382,117,2,4,3,9,Loyal Customer,-0.16014530819635295,0.7048393398890922,0.3309971339940146,0,Loyal Customer
MD-17860,2017-11-24,8,1204.91,36,3,1,2,6,At Risk,-0.5954101320179729,-0.7377870922268962,-0.6440543051512303,1,Risk
ME-17320,2017-11-18,22,10663.728000000001,42,3,4,4,11,Champion,-0.5631682932163714,1.506298468842419,2.9565449219779154,2,Champion
ME-17725,2017-12-02,13,1908.4532,28,4,3,2,9,Loyal Customer,-0.6383992504201081,0.06367203672643067,-0.3762431365494065,1,Risk
ME-18010,2017-09-29,6,1256.944,92,2,1,2,5,At Risk,-0.29448630320302577,-1.058370743808227,-0.6242470120851794,1,Risk
MF-17665,2016-11-04,8,937.039,421,1,1,1,3,Lost,1.4734411910847884,-0.7377870922268962,-0.7460222376741218,3,Lost
MF-18250,2017-12-23,12,1758.3,7,4,2,2,8,Loyal Customer,-0.7512456862257133,-0.09661978906423471,-0.4334005420382285,1,Risk
MG-17650,2017-12-01,14,3785.276,29,4,3,3,10,Champion,-0.6330256106198413,0.22396386251709605,0.3381893351546012,0,Loyal Customer
MG-17680,2017-09-29,10,2350.188,92,2,2,3,7,Loyal Customer,-0.29448630320302577,-0.41720344064556547,-0.2080921075861631,1,Risk
MG-17695,2016-06-23,7,1342.282,555,1,1,2,4,Lost,2.1935089243205548,-0.8980789180175617,-0.5917621987771374,3,Lost
MG-17875,2017-09-05,7,1242.8329999999999,116,2,1,2,5,At Risk,-0.16551894799661987,-0.8980789180175617,-0.6296185136505991,1,Risk
MG-17890,2017-09-22,13,776.384,99,2,3,1,6,At Risk,-0.2568708246011574,0.06367203672643067,-0.8071772645320688,1,Risk
MG-18145,2017-10-07,8,3061.543,84,2,1,3,6,At Risk,-0.3374754216051611,-0.7377870922268962,0.06269270540151185,1,Risk
MG-18205,2017-04-10,2,16.739,264,1,1,1,3,Lost,0.6297797424428833,-1.6995380469708885,-1.0963441773421598,1,Risk
MH-17290,2017-09-02,13,2394.025,119,2,3,3,8,Loyal Customer,-0.14939802859581913,0.06367203672643067,-0.19140508936468337,1,Risk
MH-17440,2016-12-19,9,400.016,376,1,2,1,4,Lost,1.2316274000727774,-0.5774952664362308,-0.9504457289338727,3,Lost
MH-17455,2017-10-06,11,2456.1820000000002,85,2,2,3,7,Loyal Customer,-0.33210178180489414,-0.2569116148549001,-0.1677443691604605,1,Risk
MH-17620,2017-07-28,6,1252.8,155,2,1,2,5,At Risk,0.044053004213789736,-1.058370743808227,-0.6258244695642453,1,Risk
MH-17785,2017-09-23,11,2203.7780000000002,98,2,2,2,6,At Risk,-0.2622444644014243,-0.2569116148549001,-0.263824624359821,1,Risk
MH-18025,2017-11-11,10,2984.948,49,3,2,3,8,Loyal Customer,-0.525552814614503,-0.41720344064556547,0.03353600761940442,1,Risk
MH-18115,2017-12-25,22,5503.093,5,4,4,4,12,Champion,-0.7619929658262472,1.506298468842419,0.9920945654433442,0,Loyal Customer
MJ-17740,2017-12-08,15,6320.746,22,4,3,4,11,Champion,-0.6706410892217096,0.38425568830776147,1.3033428376756493,0,Loyal Customer
MK-17905,2017-12-02,17,2302.368,28,4,4,3,11,Champion,-0.6383992504201081,0.7048393398890922,-0.22629529693194775,0,Loyal Customer
MK-18160,2017-05-04,11,1031.602,240,1,2,1,4,Lost,0.5008123872364774,-0.2569116148549001,-0.7100258304364507,1,Risk
ML-17395,2017-10-22,20,2722.843,69,3,4,3,10,Champion,-0.41808001860916477,1.1857148172610883,-0.06623703594974817,0,Loyal Customer
ML-17410,2017-11-06,15,2921.5,54,3,3,3,9,Loyal Customer,-0.49868461561316846,0.38425568830776147,0.00938385459532789,0,Loyal Customer
ML-17755,2017-12-01,13,2071.9139999999998,29,4,3,2,9,Loyal Customer,-0.6330256106198413,0.06367203672643067,-0.3140200522120283,1,Risk
ML-18040,2017-10-12,4,742.082,79,2,1,1,4,Lost,-0.3643436206064956,-1.3789543953895578,-0.8202346840414604,1,Risk
ML-18265,2017-09-21,3,162.232,100,2,1,1,4,Lost,-0.25149718480089045,-1.5392462211802231,-1.0409607263282277,1,Risk
MM-17260,2017-07-15,6,1314.023,168,2,1,2,5,At Risk,0.1139103216172596,-1.058370743808227,-0.602519286349754,1,Risk
MM-17920,2017-12-23,16,3794.0800000000004,7,4,3,4,11,Champion,-0.7512456862257133,0.5445475140984268,0.34154067097643925,0,Loyal Customer
MM-18055,2017-10-30,19,2749.881,61,3,4,3,10,Champion,-0.46106913701130003,1.025422991470423,-0.05594473495578488,0,Loyal Customer
MM-18280,2017-10-06,12,775.414,85,2,2,1,5,At Risk,-0.33210178180489414,-0.09661978906423471,-0.8075465053029891,1,Risk
MN-17935,2017-11-26,10,2477.946,34,3,2,3,8,Loyal Customer,-0.6061574116185067,-0.41720344064556547,-0.15945967211065604,1,Risk
MO-17500,2017-10-19,5,922.487,72,3,1,1,5,At Risk,-0.40195909920836403,-1.2186625695988924,-0.7515616105591042,1,Risk
MO-17800,2017-09-17,11,1687.0269999999998,104,2,2,2,6,At Risk,-0.23000262559982282,-0.2569116148549001,-0.46053136416792545,1,Risk
MO-17950,2017-07-03,4,154.288,180,2,1,1,4,Lost,0.17839399922046256,-1.3789543953895578,-1.0439846940438886,1,Risk
MP-17470,2016-01-11,14,3206.132,719,1,3,3,7,Loyal Customer,3.0747858515643283,0.22396386251709605,0.11773203924336988,3,Lost
MP-17965,2017-10-19,20,3983.6420000000003,72,3,4,4,11,Champion,-0.40195909920836403,1.1857148172610883,0.41369945346840126,0,Loyal Customer
MP-18175,2017-12-14,19,5087.92,16,4,4,4,12,Champion,-0.7028829280233111,1.025422991470423,0.8340545669017835,0,Loyal Customer
MR-17545,2017-08-27,6,639.178,125,2,1,1,4,Lost,-0.11715618979421764,-1.058370743808227,-0.8594061812484579,1,Risk
MS-17365,2017-04-01,24,7443.6900000000005,273,1,4,4,9,Loyal Customer,0.6781425006452855,1.82688212042375,1.7308033616554226,2,Champion
MS-17530,2016-10-22,7,475.65599999999995,434,1,1,1,3,Lost,1.5432985084882582,-0.8980789180175617,-0.9216525620138571,3,Lost
MS-17710,2016-11-12,15,1613.402,413,1,3,2,6,At Risk,1.430452072682653,0.38425568830776147,-0.48855750000195697,3,Lost
MS-17770,2017-08-31,19,3144.678,121,2,4,3,9,Loyal Customer,-0.1386507489952853,1.025422991470423,0.09433892343291711,0,Loyal Customer
MS-17830,2016-10-04,5,370.348,452,1,1,1,3,Lost,1.6400240248930626,-1.2186625695988924,-0.9617391672757953,3,Lost
MS-17980,2017-12-04,11,855.116,26,4,2,1,7,Loyal Customer,-0.649146530020642,-0.2569116148549001,-0.777207095072171,1,Risk
MT-17815,2017-11-11,10,2890.139,49,3,2,3,8,Loyal Customer,-0.525552814614503,-0.41720344064556547,-0.002554042123056658,1,Risk
MT-18070,2017-06-10,11,1319.4498,203,1,2,2,5,At Risk,0.30198771462660157,-0.2569116148549001,-0.6004535174676606,1,Risk
MV-17485,2017-12-03,15,1560.05,27,4,3,2,9,Loyal Customer,-0.6437728902203751,0.38425568830776147,-0.5088665037237534,0,Loyal Customer
MV-18190,2017-12-11,11,1734.574,19,4,2,2,8,Loyal Customer,-0.6867620086225104,-0.2569116148549001,-0.44243209516282245,1,Risk
MW-18220,2017-12-13,14,5341.900000000001,17,4,3,4,11,Champion,-0.6975092882230443,0.22396386251709605,0.9307347431887426,0,Loyal Customer
MW-18235,2017-11-16,3,5253.876,44,3,1,4,8,Loyal Customer,-0.5524210136158376,-1.5392462211802231,0.8972274755397809,1,Risk
MY-17380,2017-12-01,13,2254.285,29,4,3,2,9,Loyal Customer,-0.6330256106198413,0.06367203672643067,-0.24459860001252834,1,Risk
MY-18295,2017-10-20,21,4152.696,71,3,4,4,11,Champion,-0.40733273900863093,1.3460066430517537,0.4780516486098121,0,Loyal Customer
MZ-17335,2017-11-30,6,593.606,30,4,1,1,6,At Risk,-0.6276519708195744,-1.058370743808227,-0.8767536455911198,1,Risk
MZ-17515,2017-03-23,10,2564.906,282,1,2,3,6,At Risk,0.7265052588476877,-0.41720344064556547,-0.12635742732794103,1,Risk
NB-18580,2014-10-22,2,273.87199999999996,1165,1,1,1,3,Lost,5.471429202483371,-1.6995380469708885,-0.9984637782194156,3,Lost
NB-18655,2017-12-11,17,1972.599,19,4,4,2,10,Champion,-0.6867620086225104,0.7048393398890922,-0.35182535856662045,0,Loyal Customer
NC-18340,2017-05-20,17,2461.404,224,1,4,3,8,Loyal Customer,0.4148341504322067,0.7048393398890922,-0.16575655956690796,0,Loyal Customer
NC-18415,2017-11-19,14,2218.9900000000002,41,3,3,2,8,Loyal Customer,-0.5685419330166384,0.22396386251709605,-0.2580340154863774,0,Loyal Customer
NC-18535,2017-12-24,15,8241.739,6,4,3,4,11,Champion,-0.7566193260259803,0.38425568830776147,2.0345891637092506,2,Champion
NC-18625,2017-06-09,9,1821.742,204,1,2,2,5,At Risk,0.30736135442686846,-0.5774952664362308,-0.40925067297768336,1,Risk
ND-18370,2017-12-03,18,4326.139,27,4,4,4,12,Champion,-0.6437728902203751,0.8651311656797576,0.5440745630744905,0,Loyal Customer
ND-18460,2017-06-30,8,2893.455,183,2,1,3,6,At Risk,0.1945149186212633,-0.7377870922268962,-0.001291771611333149,1,Risk
NF-18385,2017-10-12,14,8322.826,79,2,3,4,9,Loyal Customer,-0.3643436206064956,0.22396386251709605,2.0654557888552487,2,Champion
NF-18475,2016-07-23,4,377.16200000000003,525,1,1,1,3,Lost,2.0322997303125474,-1.3789543953895578,-0.9591453460252272,3,Lost
NF-18595,2017-09-07,12,2031.472,114,2,2,2,6,At Risk,-0.17626622759715369,-0.09661978906423471,-0.3294147277352867,1,Risk
NG-18355,2017-11-12,16,1869.58,48,3,3,2,8,Loyal Customer,-0.5309264544147699,0.5445475140984268,-0.3910406317413044,0,Loyal Customer
NG-18430,2017-11-12,9,1395.9379999999999,48,3,2,2,7,Loyal Customer,-0.5309264544147699,-0.5774952664362308,-0.5713374742364135,1,Risk
NH-18610,2017-06-24,11,2673.29,189,1,2,3,6,At Risk,0.22675675742286477,-0.2569116148549001,-0.08509991009553786,1,Risk
NK-18490,2017-10-21,11,572.048,70,3,2,1,6,At Risk,-0.4127063788088978,-0.2569116148549001,-0.8849599265596774,1,Risk
NL-18310,2017-11-02,10,1418.0900000000001,58,3,2,2,7,Loyal Customer,-0.47719005641210077,-0.41720344064556547,-0.5629050808782406,1,Risk
NM-18445,2017-07-23,14,6459.344,160,2,3,4,9,Loyal Customer,0.0709212032151243,0.22396386251709605,1.3561016339313385,0,Loyal Customer
NM-18520,2017-04-30,15,2161.979,244,1,3,2,6,At Risk,0.5223069464375449,0.38425568830776147,-0.2797358563017796,0,Loyal Customer
NP-18325,2017-12-05,21,5529.62,25,4,4,4,12,Champion,-0.6545201698209089,1.3460066430517537,1.0021923488765443,0,Loyal Customer
NP-18670,2017-11-02,10,3908.402,58,3,2,4,9,Loyal Customer,-0.47719005641210077,-0.41720344064556547,0.38505855078381657,1,Risk
NP-18685,2016-11-19,7,1228.698,406,1,1,2,4,Lost,1.3928365940807848,-0.8980789180175617,-0.6349991510701445,3,Lost
NP-18700,2017-08-14,13,7903.1825,138,2,3,4,9,Loyal Customer,-0.04729887239074778,0.06367203672643067,1.905714047152452,2,Champion
NR-18550,2017-06-03,13,2367.277,210,1,3,3,7,Loyal Customer,0.33960319322846994,0.06367203672643067,-0.20158699878795916,1,Risk
NS-18505,2017-12-24,15,2575.863,6,4,3,3,10,Champion,-0.7566193260259803,0.38425568830776147,-0.12218652925889545,0,Loyal Customer
NS-18640,2017-07-09,26,2964.823,174,2,4,3,9,Loyal Customer,0.14615216041886106,2.1474657720050807,0.025875213274278632,0,Loyal Customer
NW-18400,2017-07-11,22,7234.014,172,2,4,4,10,Champion,0.13540488081832724,1.506298468842419,1.6509879720848093,2,Champion
NZ-18565,2017-10-06,20,2488.31,85,2,4,3,9,Loyal Customer,-0.33210178180489414,1.1857148172610883,-0.15551450577063694,0,Loyal Customer
ON-18715,2016-11-15,15,1567.52,410,1,3,2,6,At Risk,1.4143311532818523,0.38425568830776147,-0.5060229691270781,3,Lost
OT-18730,2017-10-26,10,3818.624,65,3,2,4,9,Loyal Customer,-0.4395745778102324,-0.41720344064556547,0.3508836044624896,1,Risk
PA-19060,2017-09-18,7,729.408,103,2,1,1,4,Lost,-0.23537626540008974,-0.8980789180175617,-0.8250591763410939,1,Risk
PB-18805,2017-12-05,10,740.356,25,4,2,1,7,Loyal Customer,-0.6545201698209089,-0.41720344064556547,-0.8208917042173454,1,Risk
PB-19105,2017-11-03,5,688.324,57,3,1,1,5,At Risk,-0.4825636962123677,-1.2186625695988924,-0.8406982359622193,1,Risk
PB-19150,2017-09-24,11,1456.95,97,2,2,2,6,At Risk,-0.2676181042016912,-0.2569116148549001,-0.548112610406112,1,Risk
PB-19210,2016-02-11,2,132.738,688,1,1,1,3,Lost,2.908203017756054,-1.6995380469708885,-1.0521879297277377,3,Lost
PC-18745,2017-12-28,5,1832.064,2,4,1,2,7,Loyal Customer,-0.7781138852270479,-1.2186625695988924,-0.4053214943823845,1,Risk
PC-19000,2015-08-01,3,1061.488,882,1,1,1,3,Lost,3.950689139007835,-1.5392462211802231,-0.6986494080862182,3,Lost
PF-19120,2015-09-17,19,9062.864,835,1,4,4,9,Loyal Customer,3.6981280683952904,1.025422991470423,2.347159089505097,3,Lost
PF-19165,2017-06-17,10,2770.0,196,1,2,3,6,At Risk,0.26437223602473314,-0.41720344064556547,-0.048286224574190496,1,Risk
PF-19225,2017-09-07,10,2206.1279999999997,114,2,2,2,6,At Risk,-0.17626622759715369,-0.41720344064556547,-0.2629300719766637,1,Risk
PG-18820,2017-11-24,26,3086.907,36,3,4,3,10,Champion,-0.5954101320179729,2.1474657720050807,0.07234778057019611,0,Loyal Customer
PG-18895,2017-11-03,17,1987.164,57,3,4,2,9,Loyal Customer,-0.4825636962123677,0.7048393398890922,-0.3462810370939865,0,Loyal Customer
PH-18790,2017-10-21,2,729.648,70,3,1,1,5,At Risk,-0.4127063788088978,-1.6995380469708885,-0.8249678177998352,1,Risk
PJ-18835,2017-11-21,13,1220.09,39,3,3,2,8,Loyal Customer,-0.5792892126171721,0.06367203672643067,-0.6382758774166212,1,Risk
PJ-19015,2017-08-18,10,1824.2340000000002,134,2,2,2,6,At Risk,-0.06879343159181543,-0.41720344064556547,-0.4083020667909477,1,Risk
PK-18910,2016-09-03,3,1441.152,483,1,1,2,4,Lost,1.8066068587013369,-1.5392462211802231,-0.5541262863844623,3,Lost
PK-19075,2017-12-21,25,8646.934,9,4,4,4,12,Champion,-0.7404984066251795,1.9871739462144153,2.188830930897983,2,Champion
PL-18925,2017-12-15,8,239.481,15,4,1,1,6,At Risk,-0.708256567823578,-0.7377870922268962,-1.0115550765211905,1,Risk
PM-18940,2016-12-09,4,1405.402,386,1,1,2,4,Lost,1.2853637980754467,-1.3789543953895578,-0.5677349024261142,3,Lost
PM-19135,2017-11-09,7,4115.662,51,3,1,4,8,Loyal Customer,-0.5148055350139692,-0.8980789180175617,0.46395426437242643,1,Risk
PN-18775,2017-11-30,13,1467.152,30,4,3,2,9,Loyal Customer,-0.6276519708195744,0.06367203672643067,-0.5442291110814426,1,Risk
PO-18850,2017-12-26,22,7473.8282,4,4,4,4,12,Champion,-0.767366605626514,1.506298468842419,1.7422757866060943,2,Champion
PO-18865,2017-12-30,13,2493.214,0,4,3,3,10,Champion,-0.7888611648275817,0.06367203672643067,-0.153647746244252,1,Risk
PO-19180,2017-07-23,18,4893.043,160,2,4,4,10,Champion,0.0709212032151243,0.8651311656797576,0.759872573381531,0,Loyal Customer
PO-19195,2017-10-05,10,1056.858,86,2,2,1,5,At Risk,-0.32672814200462724,-0.41720344064556547,-0.7004118666113329,1,Risk
PP-18955,2017-09-24,34,7252.608,97,2,4,4,10,Champion,-0.2676181042016912,3.429800378330404,1.6580659750688225,2,Champion
PR-18880,2017-11-24,12,1840.178,36,3,2,2,7,Loyal Customer,-0.5954101320179729,-0.09661978906423471,-0.4022328143666652,1,Risk
PS-18760,2017-09-14,21,2181.479,107,2,4,2,8,Loyal Customer,-0.21388170619902208,1.3460066430517537,-0.2723129748245149,0,Loyal Customer
PS-18970,2017-10-22,13,1278.639,69,3,3,2,8,Loyal Customer,-0.41808001860916477,0.06367203672643067,-0.6159885806159866,1,Risk
PS-19045,2017-05-08,13,6843.634,236,1,3,4,8,Loyal Customer,0.4793178280354097,0.06367203672643067,1.5023856915158549,0,Loyal Customer
PT-19090,2017-10-20,7,160.572,71,3,1,1,5,At Risk,-0.40733273900863093,-0.8980789180175617,-1.0415926229052666,1,Risk
PV-18985,2017-10-02,13,2876.046,89,2,3,3,8,Loyal Customer,-0.3106072226038265,0.06367203672643067,-0.007918691797882006,0,Loyal Customer
PW-19030,2017-11-14,13,3454.916,46,3,3,3,9,Loyal Customer,-0.5416737340153037,0.06367203672643067,0.21243430311207923,0,Loyal Customer
PW-19240,2016-09-22,12,3922.4150000000004,464,1,2,4,7,Loyal Customer,1.7045077024962656,-0.09661978906423471,0.39039274761155573,3,Lost
QJ-19255,2017-12-05,13,6108.338,25,4,3,4,11,Champion,-0.6545201698209089,0.06367203672643067,1.2224874833770416,0,Loyal Customer
RA-19285,2017-12-25,17,2617.906,5,4,4,3,11,Champion,-0.7619929658262472,0.7048393398890922,-0.10618241613332405,0,Loyal Customer
RA-19885,2017-11-17,15,3832.314,43,3,3,4,10,Champion,-0.5577946534161045,0.38425568830776147,0.3560948479201181,0,Loyal Customer
RA-19915,2017-12-18,22,4793.543,12,4,4,4,12,Champion,-0.7243774872243788,1.506298468842419,0.7219968448180519,0,Loyal Customer
RA-19945,2017-10-30,9,1686.9225,61,3,2,2,7,Loyal Customer,-0.46106913701130003,-0.5774952664362308,-0.46057114319943177,1,Risk
RB-19330,2017-10-23,6,1008.1959999999999,68,3,1,1,5,At Risk,-0.42345365840943167,-1.058370743808227,-0.7189355721726999,1,Risk
RB-19360,2017-09-25,18,15117.339,96,2,4,4,10,Champion,-0.27299174400195814,0.8651311656797576,4.651859106533942,2,Champion
RB-19435,2017-12-11,16,2663.0860000000002,19,4,3,3,10,Champion,-0.6867620086225104,0.5445475140984268,-0.08898417074138439,0,Loyal Customer
RB-19465,2017-12-21,23,4715.466,9,4,4,4,12,Champion,-0.7404984066251795,1.6665902946330846,0.6922760080436727,0,Loyal Customer
RB-19570,2017-12-05,9,528.546,25,4,2,1,7,Loyal Customer,-0.6545201698209089,-0.5774952664362308,-0.9015194234839837,1,Risk
RB-19645,2016-03-22,7,221.084,648,1,1,1,3,Lost,2.6932574257453776,-0.8980789180175617,-1.018558089369254,3,Lost
RB-19705,2017-11-06,7,2067.45,54,3,1,2,6,At Risk,-0.49868461561316846,-0.8980789180175617,-0.315719321079439,1,Risk
RB-19795,2017-11-28,18,5633.316000000001,32,3,4,4,11,Champion,-0.6169046912190406,0.8651311656797576,1.0416653292696956,0,Loyal Customer
RC-19825,2016-12-26,10,966.409,369,1,2,1,4,Lost,1.194011921470909,-0.41720344064556547,-0.7348422361875954,3,Lost
RC-19960,2017-09-11,11,885.752,110,2,2,1,5,At Risk,-0.19776078679822134,-0.2569116148549001,-0.7655451772805052,1,Risk
RD-19480,2017-10-19,15,4272.93,72,3,3,4,10,Champion,-0.40195909920836403,0.38425568830776147,0.5238199938168608,0,Loyal Customer
RD-19585,2017-07-03,19,2912.8940000000002,180,2,4,3,9,Loyal Customer,0.17839399922046256,1.025422991470423,0.0061078895700284715,0,Loyal Customer
RD-19660,2017-09-07,5,2786.632,114,2,1,3,6,At Risk,-0.17626622759715369,-1.2186625695988924,-0.04195507766496651,1,Risk
RD-19720,2017-12-09,20,1419.737,21,4,4,2,10,Champion,-0.6760147290219766,1.1857148172610883,-0.5622781328888532,0,Loyal Customer
RD-19810,2017-12-16,16,1137.616,14,4,3,1,8,Loyal Customer,-0.713630207623845,0.5445475140984268,-0.6696704787989767,0,Loyal Customer
RD-19900,2017-09-07,21,3133.924,114,2,4,3,9,Loyal Customer,-0.17626622759715369,1.3460066430517537,0.09024529946335279,0,Loyal Customer
RD-19930,2017-11-18,10,970.9420000000001,42,3,2,1,6,At Risk,-0.5631682932163714,-0.41720344064556547,-0.7331167017395728,1,Risk
RE-19405,2014-12-29,1,48.36,1097,1,1,1,3,Lost,5.106021696065222,-1.8598298727615539,-1.0843073088707451,3,Lost
RE-19450,2017-03-03,9,876.696,302,1,2,1,4,Lost,0.8339780548530259,-0.5774952664362308,-0.7689924395706648,1,Risk
RF-19345,2016-12-05,16,3309.15,390,1,3,3,7,Loyal Customer,1.3068583572765142,0.5445475140984268,0.15694693175746524,3,Lost
RF-19735,2017-10-02,14,2341.2960000000003,89,2,3,3,8,Loyal Customer,-0.3106072226038265,0.22396386251709605,-0.21147694153979574,0,Loyal Customer
RF-19840,2017-12-24,11,945.222,6,4,2,1,7,Loyal Customer,-0.7566193260259803,-0.2569116148549001,-0.7429072920777906,1,Risk
RH-19495,2017-11-28,8,3621.3759999999997,32,3,1,3,7,Loyal Customer,-0.6169046912190406,-0.7377870922268962,0.27579906468671955,1,Risk
RH-19510,2016-09-19,12,6979.18,467,1,2,4,7,Loyal Customer,1.7206286218970663,-0.09661978906423471,1.553982711655205,3,Lost
RH-19555,2016-07-29,3,740.382,519,1,1,1,3,Lost,2.000057891510946,-1.5392462211802231,-0.8208818070420424,3,Lost
RH-19600,2016-07-14,11,2085.7400000000002,534,1,2,2,5,At Risk,2.0806624885149496,-0.2569116148549001,-0.30875703891435313,3,Lost
RK-19300,2017-09-02,8,1460.192,119,2,1,2,5,At Risk,-0.14939802859581913,-0.7377870922268962,-0.5468785087779432,1,Risk
RL-19615,2017-08-31,24,6234.91,121,2,4,4,10,Champion,-0.1386507489952853,1.82688212042375,1.2706684553944956,0,Loyal Customer
RM-19375,2017-01-19,9,1453.474,345,1,2,2,5,At Risk,1.0650445662645032,-0.5774952664362308,-0.5494357866120081,3,Lost
RM-19675,2017-12-24,11,5979.0960000000005,6,4,2,4,10,Champion,-0.7566193260259803,-0.2569116148549001,1.1732901475880855,0,Loyal Customer
RM-19750,2017-03-06,2,98.35,299,1,1,1,3,Lost,0.8178571354522252,-1.6995380469708885,-1.0652780860477469,1,Risk
RO-19780,2017-11-25,12,3815.478,35,3,2,4,9,Loyal Customer,-0.6007837718182398,-0.09661978906423471,0.34968604625082433,0,Loyal Customer
RP-19270,2016-08-21,12,954.6452,496,1,2,1,4,Lost,1.8764641761048069,-0.09661978906423471,-0.7393202512195055,3,Lost
RP-19390,2017-11-27,25,5153.084,33,3,4,4,11,Champion,-0.6115310514187736,1.9871739462144153,0.8588599334958593,0,Loyal Customer
RP-19855,2017-12-02,15,2170.716,28,4,3,2,9,Loyal Customer,-0.6383992504201081,0.38425568830776147,-0.27641002473937637,0,Loyal Customer
RR-19315,2017-12-11,4,615.932,19,4,1,1,6,At Risk,-0.6867620086225104,-1.3789543953895578,-0.8682550172905346,1,Risk
RR-19525,2017-07-13,10,3302.2619999999997,170,2,2,3,7,Loyal Customer,0.12465760121779343,-0.41720344064556547,0.15432494162334204,1,Risk
RS-19420,2017-10-15,9,3221.29,76,2,2,3,7,Loyal Customer,-0.38046454000729635,-0.5774952664362308,0.1235020924450303,1,Risk
RS-19765,2017-11-24,14,4159.7699999999995,36,3,3,4,10,Champion,-0.5954101320179729,0.22396386251709605,0.48074444161341046,0,Loyal Customer
RS-19870,2017-12-11,3,22.328,19,4,1,1,6,At Risk,-0.6867620086225104,-1.5392462211802231,-1.0942166653125993,1,Risk
RW-19540,2017-09-01,23,7397.401,120,2,4,4,10,Champion,-0.1440243887955522,1.6665902946330846,1.7131829636707503,2,Champion
RW-19630,2017-10-02,16,3279.746,89,2,3,3,8,Loyal Customer,-0.3106072226038265,0.5445475140984268,0.14575398781092716,0,Loyal Customer
RW-19690,2017-10-12,15,3495.646,79,2,3,3,8,Loyal Customer,-0.3643436206064956,0.38425568830776147,0.22793860888484813,0,Loyal Customer
SA-20830,2017-10-28,21,4767.3415,63,3,4,4,11,Champion,-0.45032185741076625,1.3460066430517537,0.7120229664064341,0,Loyal Customer
SB-20170,2017-06-12,7,1348.02,201,1,1,2,4,Lost,0.2912404350260677,-0.8980789180175617,-0.5895779683198786,1,Risk
SB-20185,2017-06-25,12,6410.996,188,1,2,4,7,Loyal Customer,0.22138311762259785,-0.09661978906423471,1.337697455794785,0,Loyal Customer
SB-20290,2017-11-13,17,8057.891,47,3,4,4,11,Champion,-0.5363000942150369,0.7048393398890922,1.9646054758204214,2,Champion
SC-20020,2015-11-10,17,3362.9636,781,1,4,3,8,Loyal Customer,3.407951519180877,0.7048393398890922,0.177431648406949,3,Lost
SC-20050,2017-11-20,15,4624.572,40,3,3,4,10,Champion,-0.5739155728169052,0.38425568830776147,0.6576762445054931,0,Loyal Customer
SC-20095,2017-01-15,22,14142.333999999999,349,1,4,4,9,Loyal Customer,1.0865391254655707,1.506298468842419,4.2807131293677605,2,Champion
SC-20230,2017-08-03,11,4371.9580000000005,149,2,2,4,8,Loyal Customer,0.011811165412188256,-0.2569116148549001,0.5615160505825314,1,Risk
SC-20260,2017-06-26,18,3729.7929999999997,187,1,4,3,8,Loyal Customer,0.21600947782233093,0.8651311656797576,0.3170691437185458,0,Loyal Customer
SC-20305,2017-12-01,12,3979.065,29,4,2,4,10,Champion,-0.6330256106198413,-0.09661978906423471,0.4119571699544811,0,Loyal Customer
SC-20380,2017-11-30,20,5992.536,30,4,4,4,12,Champion,-0.6276519708195744,1.1857148172610883,1.1784062258985692,0,Loyal Customer
SC-20440,2017-11-24,10,1874.998,36,3,2,2,7,Loyal Customer,-0.5954101320179729,-0.41720344064556547,-0.38897821267239047,1,Risk
SC-20575,2017-09-29,7,902.7280000000001,92,2,1,1,4,Lost,-0.29448630320302577,-0.8980789180175617,-0.7590830831288106,1,Risk
SC-20680,2017-08-26,8,1254.64,126,2,1,2,5,At Risk,-0.11178254999395074,-0.7377870922268962,-0.6251240540812623,1,Risk
SC-20695,2017-10-02,14,2576.408,89,2,3,3,8,Loyal Customer,-0.3106072226038265,0.22396386251709605,-0.12197906923812059,0,Loyal Customer
SC-20725,2017-06-26,26,5226.21,187,1,4,4,9,Loyal Customer,0.21600947782233093,2.1474657720050807,0.8866961196961908,0,Loyal Customer
SC-20770,2017-11-19,21,4492.657,41,3,4,4,11,Champion,-0.5685419330166384,1.3460066430517537,0.6074614029632686,0,Loyal Customer
SC-20800,2017-11-30,5,279.25600000000003,30,4,1,1,6,At Risk,-0.6276519708195744,-1.2186625695988924,-0.9964143016105134,1,Risk
SC-20845,2017-08-21,4,280.632,131,2,1,1,4,Lost,-0.08491435099261617,-1.3789543953895578,-0.9958905126406303,1,Risk
SD-20485,2017-06-13,21,6121.114,200,1,4,4,9,Loyal Customer,0.28586679522580083,1.3460066430517537,1.22735080305671,0,Loyal Customer
SE-20110,2017-12-21,19,12209.438000000002,9,4,4,4,12,Champion,-0.7404984066251795,1.025422991470423,3.5449358003483202,2,Champion
SF-20065,2017-11-01,9,763.5459999999999,59,3,2,1,6,At Risk,-0.4718164166118339,-0.5774952664362308,-0.8120641851682291,1,Risk
SF-20200,2017-11-01,15,3422.7859999999996,59,3,3,3,9,Loyal Customer,-0.4718164166118339,0.38425568830776147,0.2002036784010782,0,Loyal Customer
SF-20965,2017-11-12,17,3336.535,48,3,4,3,10,Champion,-0.5309264544147699,0.7048393398890922,0.1673713219756649,0,Loyal Customer
SG-20080,2017-12-22,11,3406.5809999999997,8,4,2,3,9,Loyal Customer,-0.7458720464254465,-0.2569116148549001,0.19403507356317692,1,Risk
SG-20470,2017-06-30,14,1884.798,183,2,3,2,7,Loyal Customer,0.1945149186212633,0.22396386251709605,-0.38524773890432923,1,Risk
SG-20605,2017-09-13,13,3124.832,108,2,3,3,8,Loyal Customer,-0.20850806639875516,0.06367203672643067,0.08678433339200449,0,Loyal Customer
SG-20890,2017-05-18,5,47.946,226,1,1,1,3,Lost,0.4255814300327405,-1.2186625695988924,-1.0844649023544162,1,Risk
SH-19975,2017-12-01,29,3406.8395,29,4,4,3,11,Champion,-0.6330256106198413,2.628341249377077,0.1941334743253244,0,Loyal Customer
SH-20395,2017-12-07,15,2180.718,23,4,3,2,9,Loyal Customer,-0.6652674494214428,0.38425568830776147,-0.27260265753242247,0,Loyal Customer
SH-20635,2015-11-26,2,2096.392,765,1,1,2,4,Lost,3.3219732823766064,-1.6995380469708885,-0.30470224232482385,3,Lost
SJ-20125,2017-09-26,24,3949.656,95,2,4,4,10,Champion,-0.27836538380222503,1.82688212042375,0.4007623227050001,0,Loyal Customer
SJ-20215,2017-12-01,10,1341.036,29,4,2,2,8,Loyal Customer,-0.6330256106198413,-0.41720344064556547,-0.5922365018705051,1,Risk
SJ-20500,2017-04-21,7,1318.776,253,1,1,2,4,Lost,0.5706697046399472,-0.8980789180175617,-0.6007100065722443,1,Risk
SK-19990,2017-12-22,5,883.409,8,4,1,1,6,At Risk,-0.7458720464254465,-1.2186625695988924,-0.7664370650395427,1,Risk
SL-20155,2017-10-21,9,3053.012,70,3,2,3,8,Loyal Customer,-0.4127063788088978,-0.5774952664362308,0.05944528992035569,1,Risk
SM-20005,2016-11-04,6,244.49399999999997,421,1,1,1,3,Lost,1.4734411910847884,-1.058370743808227,-1.0096468249906505,3,Lost
SM-20320,2017-10-12,15,25043.05,79,2,3,4,9,Loyal Customer,-0.3643436206064956,0.38425568830776147,8.430186097845885,2,Champion
SM-20905,2016-05-03,6,1043.041,606,1,1,1,3,Lost,2.4675645541341673,-1.058370743808227,-0.7056714539637107,3,Lost
SM-20950,2017-12-05,22,5563.392,25,4,4,4,12,Champion,-0.6545201698209089,1.506298468842419,1.0150480182739896,0,Loyal Customer
SN-20560,2017-09-10,15,1860.418,111,2,3,2,7,Loyal Customer,-0.19238714699795442,0.38425568830776147,-0.39452824405385306,0,Loyal Customer
SN-20710,2017-10-12,19,3127.9592,79,2,4,3,9,Loyal Customer,-0.3643436206064956,1.025422991470423,0.08797473518460458,0,Loyal Customer
SO-20335,2017-12-01,15,2602.5755,29,4,3,3,10,Champion,-0.6330256106198413,0.38425568830776147,-0.11201813328651417,0,Loyal Customer
SP-20545,2017-02-06,10,1306.086,327,1,2,2,5,At Risk,0.9683190498596987,-0.41720344064556547,-0.6055405894412951,3,Lost
SP-20620,2017-11-13,24,5440.319,47,3,4,4,11,Champion,-0.5363000942150369,1.82688212042375,0.9681989776559692,0,Loyal Customer
SP-20650,2016-12-09,15,1872.4360000000001,386,1,3,2,6,At Risk,1.2853637980754467,0.38425568830776147,-0.3899534651003264,3,Lost
SP-20860,2017-10-12,24,4282.94,79,2,4,4,10,Champion,-0.3643436206064956,1.82688212042375,0.5276304063085232,0,Loyal Customer
SP-20920,2017-10-21,14,3990.689,70,3,3,4,10,Champion,-0.4127063788088978,0.22396386251709605,0.416381968636108,0,Loyal Customer
SR-20425,2017-12-22,9,3233.481,8,4,2,3,9,Loyal Customer,-0.7458720464254465,-0.5774952664362308,0.12814272568038088,1,Risk
SR-20740,2017-06-17,12,4345.8859999999995,196,1,2,4,7,Loyal Customer,0.26437223602473314,-0.09661978906423471,0.5515914677171337,0,Loyal Customer
SS-20140,2017-12-15,21,1324.028,15,4,4,2,10,Champion,-0.708256567823578,1.3460066430517537,-0.5987107771610343,0,Loyal Customer
SS-20410,2017-09-11,12,3056.8070000000002,110,2,2,3,7,Loyal Customer,-0.19776078679822134,-0.09661978906423471,0.06088989685400801,1,Risk
SS-20515,2016-08-26,6,613.4,491,1,1,1,3,Lost,1.8495959771034722,-1.058370743808227,-0.8692188499008132,3,Lost
SS-20590,2016-10-24,9,418.49,432,1,2,1,4,Lost,1.5325512288877243,-0.5774952664362308,-0.9434134052204887,3,Lost
SS-20875,2017-09-01,15,964.636,120,2,3,1,6,At Risk,-0.1440243887955522,0.38425568830776147,-0.7355171474111436,1,Risk
ST-20530,2017-08-27,12,433.34000000000003,125,2,2,1,5,At Risk,-0.11715618979421764,-0.09661978906423471,-0.9377605954801101,1,Risk
SU-20665,2017-12-10,18,2595.364,20,4,4,3,11,Champion,-0.6813883688222435,0.8651311656797576,-0.11476326712104205,0,Loyal Customer
SV-20365,2017-09-20,32,11470.949999999999,101,2,4,4,10,Champion,-0.24612354500062356,3.1092167267490733,3.263822523610766,2,Champion
SV-20785,2017-02-13,25,4105.305,320,1,4,4,9,Loyal Customer,0.9307035712578303,1.9871739462144153,0.46001176265652743,0,Loyal Customer
SV-20815,2017-10-15,6,1271.0900000000001,76,2,1,2,5,At Risk,-0.38046454000729635,-1.058370743808227,-0.6188621873991594,1,Risk
SV-20935,2017-12-28,13,1903.491,2,4,3,2,9,Loyal Customer,-0.7781138852270479,0.06367203672643067,-0.3781320505220467,1,Risk
SW-20245,2017-10-10,10,1085.078,81,2,2,1,5,At Risk,-0.3535963410059618,-0.41720344064556547,-0.6896696248016707,1,Risk
SW-20275,2017-11-30,7,1966.65,30,4,1,2,7,Loyal Customer,-0.6276519708195744,-0.8980789180175617,-0.354089908408069,1,Risk
SW-20350,2017-07-21,6,1019.044,162,2,1,1,4,Lost,0.08166848281565812,-1.058370743808227,-0.7148061661078092,1,Risk
SW-20455,2017-07-21,9,2921.544,162,2,2,3,7,Loyal Customer,0.08166848281565812,-0.5774952664362308,0.009400603661225257,1,Risk
SW-20755,2016-07-14,8,758.6959999999999,534,1,1,1,3,Lost,2.0806624885149496,-0.7377870922268962,-0.8139103890228309,3,Lost
SZ-20035,2017-11-25,20,3625.329,35,3,4,3,10,Champion,-0.6007837718182398,1.1857148172610883,0.2773038159933673,0,Loyal Customer
TA-21385,2017-10-22,10,14595.62,69,3,2,4,9,Loyal Customer,-0.41808001860916477,-0.41720344064556547,4.453261244921784,2,Champion
TB-21055,2017-09-02,18,1467.881,119,2,4,2,8,Loyal Customer,-0.14939802859581913,0.8651311656797576,-0.5439516095123694,0,Loyal Customer
TB-21175,2017-11-02,11,3589.296,58,3,2,3,8,Loyal Customer,-0.47719005641210077,-0.2569116148549001,0.2635874730051476,1,Risk
TB-21190,2017-11-11,4,816.1740000000001,49,3,1,1,5,At Risk,-0.525552814614503,-1.3789543953895578,-0.792030779712563,1,Risk
TB-21250,2017-01-15,19,1602.376,349,1,4,2,7,Loyal Customer,1.0865391254655707,1.025422991470423,-0.4927546636516145,0,Loyal Customer
TB-21280,2016-05-26,11,2198.45,583,1,2,2,5,At Risk,2.343970838728028,-0.2569116148549001,-0.26585278397576306,3,Lost
TB-21355,2017-08-06,13,834.328,146,2,3,1,6,At Risk,-0.004309753988612481,0.06367203672643067,-0.7851202673875238,1,Risk
TB-21400,2017-06-11,17,9133.99,202,1,4,4,9,Loyal Customer,0.2966140748263346,0.7048393398890922,2.3742339545282736,2,Champion
TB-21520,2017-09-14,20,4737.486,107,2,4,4,10,Champion,-0.21388170619902208,1.1857148172610883,0.700658154204153,0,Loyal Customer
TB-21595,2017-03-20,7,1387.559,285,1,1,2,4,Lost,0.7426261782484884,-0.8980789180175617,-0.5745270293081058,1,Risk
TB-21625,2017-11-30,15,2797.668,30,4,3,3,10,Champion,-0.6276519708195744,0.38425568830776147,-0.037754107409423227,0,Loyal Customer
TC-20980,2016-11-26,12,19052.218,399,1,2,4,7,Loyal Customer,1.3552211154789164,-0.09661978906423471,6.1497124626558906,2,Champion
TC-21145,2017-09-15,4,1038.26,106,2,1,1,4,Lost,-0.21925534599928898,-1.3789543953895578,-0.7074913922377005,1,Risk
TC-21295,2017-12-03,16,4266.812,27,4,3,4,11,Champion,-0.6437728902203751,0.5445475140984268,0.5214911123359425,0,Loyal Customer
TC-21475,2017-07-30,11,1244.976,153,2,2,2,6,At Risk,0.033305724613255906,-0.2569116148549001,-0.628802758009277,1,Risk
TC-21535,2017-12-26,10,742.5580000000001,4,4,2,1,7,Loyal Customer,-0.767366605626514,-0.41720344064556547,-0.8200534896012974,1,Risk
TD-20995,2017-11-23,16,1434.5480000000002,37,3,3,2,8,Loyal Customer,-0.5900364922177059,0.5445475140984268,-0.5566401689114291,0,Loyal Customer
TG-21310,2017-01-27,9,3058.372,337,1,2,3,6,At Risk,1.0220554478623678,-0.5774952664362308,0.06148563067513193,3,Lost
TG-21640,2017-09-07,10,2074.661,114,2,2,2,6,At Risk,-0.17626622759715369,-0.41720344064556547,-0.3129743775752053,1,Risk
TH-21100,2017-01-20,7,2422.824,344,1,1,3,5,At Risk,1.0596709264642363,-0.8980789180175617,-0.1804424450742348,3,Lost
TH-21115,2017-11-02,9,2942.772,58,3,2,3,8,Loyal Customer,-0.47719005641210077,-0.5774952664362308,0.017481266635552255,1,Risk
TH-21235,2017-09-04,13,1022.201,117,2,3,1,6,At Risk,-0.16014530819635295,0.06367203672643067,-0.7136044206296694,1,Risk
TH-21550,2017-10-19,13,4234.0960000000005,72,3,3,4,10,Champion,-0.40195909920836403,0.06367203672643067,0.5090374205200353,0,Loyal Customer
TM-21010,2017-09-18,19,2955.2259999999997,103,2,4,3,9,Loyal Customer,-0.23537626540008974,1.025422991470423,0.022222013605698566,0,Loyal Customer
TM-21490,2017-08-22,4,1094.6779999999999,130,2,1,1,4,Lost,-0.09028799079288309,-1.3789543953895578,-0.6860152831513251,1,Risk
TN-21040,2017-10-01,12,3130.221,90,2,2,3,7,Loyal Customer,-0.3052335828035596,-0.09661978906423471,0.08883571330384965,1,Risk
TP-21130,2017-12-22,16,4454.0560000000005,8,4,3,4,11,Champion,-0.7458720464254465,0.5445475140984268,0.5927675235835816,0,Loyal Customer
TP-21415,2017-09-17,10,5329.0048,104,2,2,4,8,Loyal Customer,-0.23000262559982282,-0.41720344064556547,0.9258260487669154,0,Loyal Customer
TP-21565,2017-01-14,10,1936.6399999999999,350,1,2,2,5,At Risk,1.0919127652658378,-0.41720344064556547,-0.3655135326712852,3,Lost
TR-21325,2017-06-20,7,675.9419999999999,193,1,1,1,3,Lost,0.2482513166239324,-0.8980789180175617,-0.8454115753699881,1,Risk
TS-21085,2017-01-07,2,4.833,357,1,1,1,3,Lost,1.1295282438677061,-1.6995380469708885,-1.1008763223097657,3,Lost
TS-21160,2016-08-13,17,2163.6240000000003,504,1,4,2,7,Loyal Customer,1.919453294506942,0.7048393398890922,-0.27910966963356915,3,Lost
TS-21205,2017-06-15,19,5371.09,198,1,4,4,9,Loyal Customer,0.275119515625267,1.025422991470423,0.941846225769325,0,Loyal Customer
TS-21340,2017-05-18,12,974.7819999999999,226,1,2,1,4,Lost,0.4255814300327405,-0.09661978906423471,-0.7316549650794345,1,Risk
TS-21370,2017-11-24,15,11891.751,36,3,3,4,10,Champion,-0.5954101320179729,0.38425568830776147,3.4240048799448424,2,Champion
TS-21430,2017-07-11,7,2054.14,172,2,1,2,5,At Risk,0.13540488081832724,-0.8980789180175617,-0.3207859135134079,1,Risk
TS-21505,2017-12-19,14,2243.274,11,4,3,2,9,Loyal Customer,-0.7297511270246457,0.22396386251709605,-0.24879005375335714,0,Loyal Customer
TS-21610,2017-11-05,11,2820.424,55,3,2,3,8,Loyal Customer,-0.4933109758129015,-0.2569116148549001,-0.029091795055749613,1,Risk
TS-21655,2017-05-06,14,3368.094,238,1,3,3,7,Loyal Customer,0.49006510763594346,0.22396386251709605,0.17938458949058794,0,Loyal Customer
TT-21070,2017-11-29,14,4915.602,31,3,3,4,10,Champion,-0.6222783310193074,0.22396386251709605,0.7684598955992549,0,Loyal Customer
TT-21220,2017-06-30,15,1427.0439999999999,183,2,3,2,7,Loyal Customer,0.1945149186212633,0.38425568830776147,-0.5594966459681162,1,Risk
TT-21265,2016-11-19,3,439.5,406,1,1,1,3,Lost,1.3928365940807848,-1.5392462211802231,-0.9354157262544717,3,Lost
TT-21460,2017-12-18,14,5364.808,12,4,3,4,11,Champion,-0.7243774872243788,0.22396386251709605,0.9394549159518799,0,Loyal Customer
TW-21025,2017-10-27,12,5278.826,64,3,2,4,9,Loyal Customer,-0.4449482176104993,-0.09661978906423471,0.9067249572247938,0,Loyal Customer
TZ-21580,2017-11-25,9,1707.286,35,3,2,2,7,Loyal Customer,-0.6007837718182398,-0.5774952664362308,-0.45281956130393014,1,Risk
VB-21745,2017-11-06,10,2005.596,54,3,2,2,7,Loyal Customer,-0.49868461561316846,-0.41720344064556547,-0.3392647011253227,1,Risk
VD-21670,2016-05-28,16,6442.254,581,1,3,4,8,Loyal Customer,2.3332235591274944,0.5445475140984268,1.349596144472546,3,Lost
VF-21715,2017-12-17,11,847.944,13,4,2,1,7,Loyal Customer,-0.7190038474241118,-0.2569116148549001,-0.7799371928134501,1,Risk
VG-21790,2017-07-29,8,846.01,154,2,1,1,4,Lost,0.03867936441352282,-0.7377870922268962,-0.7806733903917594,1,Risk
VG-21805,2017-03-19,6,427.372,286,1,1,1,3,Lost,0.7479998180487553,-1.058370743808227,-0.9400323778727419,1,Risk
VM-21685,2017-11-06,12,2454.866,54,3,2,3,8,Loyal Customer,-0.49868461561316846,-0.09661978906423471,-0.16824531849502883,1,Risk
VM-21835,2017-09-04,8,380.69,117,2,1,1,4,Lost,-0.16014530819635295,-0.7377870922268962,-0.9578023754687249,1,Risk
VP-21730,2017-11-30,5,993.9019999999999,30,4,1,1,6,At Risk,-0.6276519708195744,-1.2186625695988924,-0.7243767346258292,1,Risk
VP-21760,2017-10-16,14,3360.526,75,3,3,3,9,Loyal Customer,-0.3858381798075633,0.22396386251709605,0.176503750156232,0,Loyal Customer
VS-21820,2017-05-23,8,1055.981,221,1,1,1,3,Lost,0.398713231031406,-0.7377870922268962,-0.7007457059475155,1,Risk
VT-21700,2015-04-05,9,1736.596,1000,1,2,2,5,At Risk,4.5847786354393305,-0.5774952664362308,-0.4416623994527184,3,Lost
VW-21775,2017-12-02,18,6134.0380000000005,28,4,4,4,12,Champion,-0.6383992504201081,0.8651311656797576,1.2322704605034882,0,Loyal Customer
WB-21850,2017-12-10,37,6160.102,20,4,4,4,12,Champion,-0.6813883688222435,3.9106758557024,1.2421919980841767,2,Champion
XP-21865,2017-11-17,28,2374.658,43,3,4,3,10,Champion,-0.5577946534161045,2.4680494235864114,-0.19877734298366734,0,Loyal Customer
YC-21895,2017-12-26,8,5454.35,4,4,1,4,9,Loyal Customer,-0.767366605626514,-0.7377870922268962,0.9735400263743026,1,Risk
YS-21880,2017-12-21,12,6720.4439999999995,9,4,2,4,10,Champion,-0.7404984066251795,-0.09661978906423471,1.4554921136089702,0,Loyal Customer
ZC-21910,2017-11-06,31,8025.707,54,3,4,4,11,Champion,-0.49868461561316846,2.9489249009584078,1.9523542954376376,2,Champion
ZD-21925,2017-06-11,9,1493.944,202,1,2,2,5,At Risk,0.2966140748263346,-0.5774952664362308,-0.5340304525922694,1,Risk
